-- phpMyAdmin SQL Dump
-- version 5.1.1
-- https://www.phpmyadmin.net/
--
-- Host: 127.0.0.1
-- Generation Time: Jan 26, 2023 at 11:46 PM
-- Server version: 10.4.22-MariaDB
-- PHP Version: 8.1.0

SET SQL_MODE = "NO_AUTO_VALUE_ON_ZERO";
START TRANSACTION;
SET time_zone = "+00:00";


/*!40101 SET @OLD_CHARACTER_SET_CLIENT=@@CHARACTER_SET_CLIENT */;
/*!40101 SET @OLD_CHARACTER_SET_RESULTS=@@CHARACTER_SET_RESULTS */;
/*!40101 SET @OLD_COLLATION_CONNECTION=@@COLLATION_CONNECTION */;
/*!40101 SET NAMES utf8mb4 */;

--
-- Database: `arcana`
--

-- --------------------------------------------------------

--
-- Table structure for table `basis_pengetahuan`
--

CREATE TABLE `basis_pengetahuan` (
  `kode_pengetahuan` int(10) NOT NULL,
  `kode_tipewajah` int(10) NOT NULL,
  `kode_gejala` int(10) NOT NULL,
  `mb` float NOT NULL,
  `md` float NOT NULL
) ENGINE=InnoDB DEFAULT CHARSET=utf8mb4;

--
-- Dumping data for table `basis_pengetahuan`
--

INSERT INTO `basis_pengetahuan` (`kode_pengetahuan`, `kode_tipewajah`, `kode_gejala`, `mb`, `md`) VALUES
(1, 1, 1, 0.8, 0.2),
(2, 1, 2, 0.8, 0.2),
(3, 1, 3, 0.8, 0.2),
(4, 1, 4, 0.8, 0.2),
(5, 1, 5, 0.8, 0.2),
(6, 1, 6, 0.8, 0.2),
(7, 1, 11, 0.8, 0.2),
(8, 2, 7, 0.8, 0.2),
(9, 2, 8, 0.8, 0.2),
(10, 2, 9, 0.8, 0.2),
(11, 2, 16, 0.8, 0.2),
(12, 3, 1, 0.6, 0.2),
(13, 3, 5, 0.6, 0.4),
(14, 3, 10, 0.8, 0.2),
(15, 3, 11, 0.6, 0.2),
(16, 3, 12, 0.6, 0.4),
(17, 4, 7, 0.6, 0.2),
(18, 4, 14, 0.4, 0.2),
(19, 4, 15, 0.6, 0.2),
(20, 4, 16, 0.4, 0.2),
(21, 4, 17, 0.6, 0.2),
(22, 5, 12, 0.8, 0.2),
(23, 5, 18, 0.8, 0.2),
(24, 5, 19, 0.8, 0.2),
(25, 5, 20, 0.8, 0.2);

-- --------------------------------------------------------

--
-- Table structure for table `gejala`
--

CREATE TABLE `gejala` (
  `kode_gejala` int(11) NOT NULL,
  `nama_gejala` varchar(200) NOT NULL
) ENGINE=InnoDB DEFAULT CHARSET=utf8mb4;

--
-- Dumping data for table `gejala`
--

INSERT INTO `gejala` (`kode_gejala`, `nama_gejala`) VALUES
(1, 'Kulit wajah terlihat tidak berminyak'),
(2, 'Kulit wajah terasa segar dan halus'),
(3, 'Bahan kosmetik mudah menempel pada kulit wajah'),
(4, 'Kulit wajah terlihat kusam'),
(5, 'Wajah tidak berjerawat'),
(6, 'Kulit wajah cocok terhadap semua jenis produk kosmetik '),
(7, 'Pori-pori di area hidung, pipi, dan dagu sangat terlihat'),
(8, 'Kulit wajah terlihat lebih mengkilap'),
(9, 'Kulit wajah sering berjerawat'),
(10, 'Kulit wajah terasa kering'),
(11, 'Pori-pori wajah hampir tidak terlihat'),
(12, 'Tekstur kulit wajah terasa tipis'),
(13, 'Kerutan halus pada wajah sangat terlihat'),
(14, 'Kulit wajah berminyak pada bagian tertentu'),
(15, 'Kulit wajah terasa kering pada bagian tertentu'),
(16, 'Kulit wajah berjerawat pada saat tertentu (misalnya saat masa period)'),
(17, 'Sulit mencari produk kosmetik yang cocok '),
(18, 'Mudah alergi'),
(19, 'Mudah iritasi dan terluka'),
(20, 'Kulit wajah terlihat kemerahan ');

-- --------------------------------------------------------

--
-- Table structure for table `hasil`
--

CREATE TABLE `hasil` (
  `id_hasil` int(11) NOT NULL,
  `tanggal` varchar(50) CHARACTER SET latin1 NOT NULL DEFAULT '0',
  `tipewajah` text CHARACTER SET latin1 NOT NULL,
  `gejala` text CHARACTER SET latin1 NOT NULL,
  `hasil_id` int(11) NOT NULL,
  `hasil_nilai` varchar(16) CHARACTER SET latin1 NOT NULL
) ENGINE=InnoDB DEFAULT CHARSET=utf8mb4;

--
-- Dumping data for table `hasil`
--

INSERT INTO `hasil` (`id_hasil`, `tanggal`, `tipewajah`, `gejala`, `hasil_id`, `hasil_nilai`) VALUES
(1, '2023-01-24 16:31:31', 'a:0:{}', 'a:0:{}', 0, ''),
(2, '2023-01-24 16:31:56', 'a:3:{i:1;s:6:\"0.6996\";i:2;s:6:\"0.3600\";i:3;s:6:\"0.2272\";}', 'a:4:{i:1;s:1:\"3\";i:2;s:1:\"5\";i:5;s:1:\"3\";i:8;s:1:\"4\";}', 1, '0.6996'),
(3, '2023-01-24 16:34:41', 'a:2:{i:1;s:6:\"0.9897\";i:3;s:6:\"0.6116\";}', 'a:7:{i:1;s:1:\"5\";i:2;s:1:\"5\";i:3;s:1:\"5\";i:4;s:1:\"5\";i:5;s:1:\"5\";i:6;s:1:\"5\";i:11;s:1:\"5\";}', 1, '0.9897'),
(4, '2023-01-24 16:35:11', 'a:2:{i:2;s:6:\"0.9269\";i:4;s:6:\"0.4288\";}', 'a:4:{i:7;s:1:\"5\";i:8;s:1:\"5\";i:9;s:1:\"5\";i:16;s:1:\"5\";}', 2, '0.9269'),
(5, '2023-01-24 16:36:26', 'a:3:{i:1;s:6:\"0.7379\";i:3;s:6:\"0.7267\";i:5;s:6:\"0.4800\";}', 'a:5:{i:1;s:1:\"4\";i:5;s:1:\"4\";i:10;s:1:\"4\";i:11;s:1:\"4\";i:12;s:1:\"5\";}', 1, '0.7379'),
(6, '2023-01-25 12:59:16', 'a:2:{i:1;s:6:\"0.9897\";i:3;s:6:\"0.6116\";}', 'a:7:{i:1;s:1:\"5\";i:2;s:1:\"5\";i:3;s:1:\"5\";i:4;s:1:\"5\";i:5;s:1:\"5\";i:6;s:1:\"5\";i:11;s:1:\"5\";}', 1, '0.9897'),
(7, '2023-01-25 13:03:29', 'a:2:{i:1;s:6:\"0.9897\";i:3;s:6:\"0.6116\";}', 'a:7:{i:1;s:1:\"5\";i:2;s:1:\"5\";i:3;s:1:\"5\";i:4;s:1:\"5\";i:5;s:1:\"5\";i:6;s:1:\"5\";i:11;s:1:\"5\";}', 1, '0.9897'),
(8, '2023-01-25 13:03:58', 'a:2:{i:2;s:6:\"0.9269\";i:4;s:6:\"0.4288\";}', 'a:4:{i:7;s:1:\"5\";i:8;s:1:\"5\";i:9;s:1:\"5\";i:16;s:1:\"5\";}', 2, '0.9269'),
(9, '2023-01-25 13:05:24', 'a:3:{i:3;s:6:\"0.7674\";i:1;s:6:\"0.7379\";i:5;s:6:\"0.3600\";}', 'a:5:{i:1;s:1:\"4\";i:5;s:1:\"4\";i:10;s:1:\"5\";i:11;s:1:\"4\";i:12;s:1:\"4\";}', 3, '0.7674'),
(10, '2023-01-25 13:05:56', 'a:3:{i:3;s:6:\"0.7674\";i:1;s:6:\"0.7379\";i:5;s:6:\"0.3600\";}', 'a:5:{i:1;s:1:\"4\";i:5;s:1:\"4\";i:10;s:1:\"5\";i:11;s:1:\"4\";i:12;s:1:\"4\";}', 3, '0.7674'),
(11, '2023-01-25 13:07:16', 'a:3:{i:4;s:6:\"0.5111\";i:1;s:6:\"0.3600\";i:2;s:6:\"0.2400\";}', 'a:5:{i:6;s:1:\"4\";i:14;s:1:\"3\";i:15;s:1:\"4\";i:16;s:1:\"3\";i:17;s:1:\"4\";}', 4, '0.5111'),
(12, '2023-01-25 13:07:53', 'a:2:{i:5;s:6:\"0.9744\";i:3;s:6:\"0.2000\";}', 'a:4:{i:12;s:1:\"6\";i:18;s:1:\"6\";i:19;s:1:\"6\";i:20;s:1:\"6\";}', 5, '0.9744'),
(13, '2023-01-25 13:19:44', 'a:0:{}', 'a:0:{}', 0, ''),
(14, '2023-01-25 13:22:38', 'a:2:{i:4;s:6:\"0.6285\";i:2;s:6:\"0.5136\";}', 'a:5:{i:7;s:1:\"4\";i:14;s:1:\"3\";i:15;s:1:\"4\";i:16;s:1:\"3\";i:17;s:1:\"4\";}', 4, '0.6285'),
(15, '2023-01-25 13:25:21', 'a:2:{i:4;s:6:\"0.6285\";i:2;s:6:\"0.5136\";}', 'a:5:{i:7;s:1:\"4\";i:14;s:1:\"3\";i:15;s:1:\"4\";i:16;s:1:\"3\";i:17;s:1:\"4\";}', 4, '0.6285'),
(16, '2023-01-25 13:33:55', 'a:2:{i:4;s:6:\"0.6285\";i:2;s:6:\"0.5136\";}', 'a:5:{i:7;s:1:\"4\";i:14;s:1:\"3\";i:15;s:1:\"4\";i:16;s:1:\"3\";i:17;s:1:\"4\";}', 4, '0.6285'),
(17, '2023-01-25 13:46:08', 'a:2:{i:4;s:6:\"0.6285\";i:2;s:6:\"0.5136\";}', 'a:5:{i:7;s:1:\"4\";i:14;s:1:\"3\";i:15;s:1:\"4\";i:16;s:1:\"3\";i:17;s:1:\"4\";}', 4, '0.6285'),
(18, '2023-01-25 13:48:06', 'a:4:{i:1;s:6:\"0.9897\";i:4;s:6:\"0.6285\";i:3;s:6:\"0.6116\";i:2;s:6:\"0.5136\";}', 'a:12:{i:1;s:1:\"5\";i:2;s:1:\"5\";i:3;s:1:\"5\";i:4;s:1:\"5\";i:5;s:1:\"5\";i:6;s:1:\"5\";i:7;s:1:\"4\";i:11;s:1:\"5\";i:14;s:1:\"3\";i:15;s:1:\"4\";i:16;s:1:\"3\";i:17;s:1:\"4\";}', 1, '0.9897'),
(19, '2023-01-25 13:49:45', 'a:4:{i:1;s:6:\"0.9897\";i:4;s:6:\"0.6285\";i:3;s:6:\"0.6116\";i:2;s:6:\"0.5136\";}', 'a:12:{i:1;s:1:\"5\";i:2;s:1:\"5\";i:3;s:1:\"5\";i:4;s:1:\"5\";i:5;s:1:\"5\";i:6;s:1:\"5\";i:7;s:1:\"4\";i:11;s:1:\"5\";i:14;s:1:\"3\";i:15;s:1:\"4\";i:16;s:1:\"3\";i:17;s:1:\"4\";}', 1, '0.9897'),
(20, '2023-01-25 13:49:51', 'a:4:{i:1;s:6:\"0.9897\";i:4;s:6:\"0.6285\";i:3;s:6:\"0.6116\";i:2;s:6:\"0.5136\";}', 'a:12:{i:1;s:1:\"5\";i:2;s:1:\"5\";i:3;s:1:\"5\";i:4;s:1:\"5\";i:5;s:1:\"5\";i:6;s:1:\"5\";i:7;s:1:\"4\";i:11;s:1:\"5\";i:14;s:1:\"3\";i:15;s:1:\"4\";i:16;s:1:\"3\";i:17;s:1:\"4\";}', 1, '0.9897'),
(21, '2023-01-25 13:50:08', 'a:4:{i:1;s:6:\"0.9897\";i:4;s:6:\"0.6285\";i:3;s:6:\"0.6116\";i:2;s:6:\"0.5136\";}', 'a:12:{i:1;s:1:\"5\";i:2;s:1:\"5\";i:3;s:1:\"5\";i:4;s:1:\"5\";i:5;s:1:\"5\";i:6;s:1:\"5\";i:7;s:1:\"4\";i:11;s:1:\"5\";i:14;s:1:\"3\";i:15;s:1:\"4\";i:16;s:1:\"3\";i:17;s:1:\"4\";}', 1, '0.9897'),
(22, '2023-01-25 13:50:17', 'a:4:{i:1;s:6:\"0.9897\";i:4;s:6:\"0.6285\";i:3;s:6:\"0.6116\";i:2;s:6:\"0.5136\";}', 'a:12:{i:1;s:1:\"5\";i:2;s:1:\"5\";i:3;s:1:\"5\";i:4;s:1:\"5\";i:5;s:1:\"5\";i:6;s:1:\"5\";i:7;s:1:\"4\";i:11;s:1:\"5\";i:14;s:1:\"3\";i:15;s:1:\"4\";i:16;s:1:\"3\";i:17;s:1:\"4\";}', 1, '0.9897'),
(23, '2023-01-25 13:50:19', 'a:4:{i:1;s:6:\"0.9897\";i:4;s:6:\"0.6285\";i:3;s:6:\"0.6116\";i:2;s:6:\"0.5136\";}', 'a:12:{i:1;s:1:\"5\";i:2;s:1:\"5\";i:3;s:1:\"5\";i:4;s:1:\"5\";i:5;s:1:\"5\";i:6;s:1:\"5\";i:7;s:1:\"4\";i:11;s:1:\"5\";i:14;s:1:\"3\";i:15;s:1:\"4\";i:16;s:1:\"3\";i:17;s:1:\"4\";}', 1, '0.9897'),
(24, '2023-01-25 13:51:07', 'a:4:{i:1;s:6:\"0.9897\";i:4;s:6:\"0.6285\";i:3;s:6:\"0.6116\";i:2;s:6:\"0.5136\";}', 'a:12:{i:1;s:1:\"5\";i:2;s:1:\"5\";i:3;s:1:\"5\";i:4;s:1:\"5\";i:5;s:1:\"5\";i:6;s:1:\"5\";i:7;s:1:\"4\";i:11;s:1:\"5\";i:14;s:1:\"3\";i:15;s:1:\"4\";i:16;s:1:\"3\";i:17;s:1:\"4\";}', 1, '0.9897'),
(25, '2023-01-25 13:51:09', 'a:4:{i:1;s:6:\"0.9897\";i:4;s:6:\"0.6285\";i:3;s:6:\"0.6116\";i:2;s:6:\"0.5136\";}', 'a:12:{i:1;s:1:\"5\";i:2;s:1:\"5\";i:3;s:1:\"5\";i:4;s:1:\"5\";i:5;s:1:\"5\";i:6;s:1:\"5\";i:7;s:1:\"4\";i:11;s:1:\"5\";i:14;s:1:\"3\";i:15;s:1:\"4\";i:16;s:1:\"3\";i:17;s:1:\"4\";}', 1, '0.9897'),
(26, '2023-01-25 13:51:18', 'a:4:{i:1;s:6:\"0.9897\";i:4;s:6:\"0.6285\";i:3;s:6:\"0.6116\";i:2;s:6:\"0.5136\";}', 'a:12:{i:1;s:1:\"5\";i:2;s:1:\"5\";i:3;s:1:\"5\";i:4;s:1:\"5\";i:5;s:1:\"5\";i:6;s:1:\"5\";i:7;s:1:\"4\";i:11;s:1:\"5\";i:14;s:1:\"3\";i:15;s:1:\"4\";i:16;s:1:\"3\";i:17;s:1:\"4\";}', 1, '0.9897'),
(27, '2023-01-25 13:51:39', 'a:4:{i:1;s:6:\"0.9897\";i:4;s:6:\"0.6285\";i:3;s:6:\"0.6116\";i:2;s:6:\"0.5136\";}', 'a:12:{i:1;s:1:\"5\";i:2;s:1:\"5\";i:3;s:1:\"5\";i:4;s:1:\"5\";i:5;s:1:\"5\";i:6;s:1:\"5\";i:7;s:1:\"4\";i:11;s:1:\"5\";i:14;s:1:\"3\";i:15;s:1:\"4\";i:16;s:1:\"3\";i:17;s:1:\"4\";}', 1, '0.9897'),
(28, '2023-01-25 13:51:48', 'a:4:{i:1;s:6:\"0.9897\";i:4;s:6:\"0.6285\";i:3;s:6:\"0.6116\";i:2;s:6:\"0.5136\";}', 'a:12:{i:1;s:1:\"5\";i:2;s:1:\"5\";i:3;s:1:\"5\";i:4;s:1:\"5\";i:5;s:1:\"5\";i:6;s:1:\"5\";i:7;s:1:\"4\";i:11;s:1:\"5\";i:14;s:1:\"3\";i:15;s:1:\"4\";i:16;s:1:\"3\";i:17;s:1:\"4\";}', 1, '0.9897'),
(29, '2023-01-25 13:52:09', 'a:4:{i:1;s:6:\"0.9897\";i:4;s:6:\"0.6285\";i:3;s:6:\"0.6116\";i:2;s:6:\"0.5136\";}', 'a:12:{i:1;s:1:\"5\";i:2;s:1:\"5\";i:3;s:1:\"5\";i:4;s:1:\"5\";i:5;s:1:\"5\";i:6;s:1:\"5\";i:7;s:1:\"4\";i:11;s:1:\"5\";i:14;s:1:\"3\";i:15;s:1:\"4\";i:16;s:1:\"3\";i:17;s:1:\"4\";}', 1, '0.9897'),
(30, '2023-01-25 13:52:29', 'a:4:{i:1;s:6:\"0.9897\";i:4;s:6:\"0.6285\";i:3;s:6:\"0.6116\";i:2;s:6:\"0.5136\";}', 'a:12:{i:1;s:1:\"5\";i:2;s:1:\"5\";i:3;s:1:\"5\";i:4;s:1:\"5\";i:5;s:1:\"5\";i:6;s:1:\"5\";i:7;s:1:\"4\";i:11;s:1:\"5\";i:14;s:1:\"3\";i:15;s:1:\"4\";i:16;s:1:\"3\";i:17;s:1:\"4\";}', 1, '0.9897'),
(31, '2023-01-25 13:52:37', 'a:4:{i:1;s:6:\"0.9897\";i:4;s:6:\"0.6285\";i:3;s:6:\"0.6116\";i:2;s:6:\"0.5136\";}', 'a:12:{i:1;s:1:\"5\";i:2;s:1:\"5\";i:3;s:1:\"5\";i:4;s:1:\"5\";i:5;s:1:\"5\";i:6;s:1:\"5\";i:7;s:1:\"4\";i:11;s:1:\"5\";i:14;s:1:\"3\";i:15;s:1:\"4\";i:16;s:1:\"3\";i:17;s:1:\"4\";}', 1, '0.9897'),
(32, '2023-01-25 13:52:55', 'a:4:{i:1;s:6:\"0.9897\";i:4;s:6:\"0.6285\";i:3;s:6:\"0.6116\";i:2;s:6:\"0.5136\";}', 'a:12:{i:1;s:1:\"5\";i:2;s:1:\"5\";i:3;s:1:\"5\";i:4;s:1:\"5\";i:5;s:1:\"5\";i:6;s:1:\"5\";i:7;s:1:\"4\";i:11;s:1:\"5\";i:14;s:1:\"3\";i:15;s:1:\"4\";i:16;s:1:\"3\";i:17;s:1:\"4\";}', 1, '0.9897'),
(33, '2023-01-25 13:53:00', 'a:4:{i:1;s:6:\"0.9897\";i:4;s:6:\"0.6285\";i:3;s:6:\"0.6116\";i:2;s:6:\"0.5136\";}', 'a:12:{i:1;s:1:\"5\";i:2;s:1:\"5\";i:3;s:1:\"5\";i:4;s:1:\"5\";i:5;s:1:\"5\";i:6;s:1:\"5\";i:7;s:1:\"4\";i:11;s:1:\"5\";i:14;s:1:\"3\";i:15;s:1:\"4\";i:16;s:1:\"3\";i:17;s:1:\"4\";}', 1, '0.9897'),
(34, '2023-01-25 13:53:08', 'a:4:{i:1;s:6:\"0.9897\";i:4;s:6:\"0.6285\";i:3;s:6:\"0.6116\";i:2;s:6:\"0.5136\";}', 'a:12:{i:1;s:1:\"5\";i:2;s:1:\"5\";i:3;s:1:\"5\";i:4;s:1:\"5\";i:5;s:1:\"5\";i:6;s:1:\"5\";i:7;s:1:\"4\";i:11;s:1:\"5\";i:14;s:1:\"3\";i:15;s:1:\"4\";i:16;s:1:\"3\";i:17;s:1:\"4\";}', 1, '0.9897'),
(35, '2023-01-25 13:53:53', 'a:4:{i:1;s:6:\"0.9897\";i:4;s:6:\"0.6285\";i:3;s:6:\"0.6116\";i:2;s:6:\"0.5136\";}', 'a:12:{i:1;s:1:\"5\";i:2;s:1:\"5\";i:3;s:1:\"5\";i:4;s:1:\"5\";i:5;s:1:\"5\";i:6;s:1:\"5\";i:7;s:1:\"4\";i:11;s:1:\"5\";i:14;s:1:\"3\";i:15;s:1:\"4\";i:16;s:1:\"3\";i:17;s:1:\"4\";}', 1, '0.9897'),
(36, '2023-01-25 13:55:53', 'a:4:{i:1;s:6:\"0.9897\";i:4;s:6:\"0.6285\";i:3;s:6:\"0.6116\";i:2;s:6:\"0.5136\";}', 'a:12:{i:1;s:1:\"5\";i:2;s:1:\"5\";i:3;s:1:\"5\";i:4;s:1:\"5\";i:5;s:1:\"5\";i:6;s:1:\"5\";i:7;s:1:\"4\";i:11;s:1:\"5\";i:14;s:1:\"3\";i:15;s:1:\"4\";i:16;s:1:\"3\";i:17;s:1:\"4\";}', 1, '0.9897'),
(37, '2023-01-25 13:57:04', 'a:4:{i:1;s:6:\"0.9897\";i:4;s:6:\"0.6285\";i:3;s:6:\"0.6116\";i:2;s:6:\"0.5136\";}', 'a:12:{i:1;s:1:\"5\";i:2;s:1:\"5\";i:3;s:1:\"5\";i:4;s:1:\"5\";i:5;s:1:\"5\";i:6;s:1:\"5\";i:7;s:1:\"4\";i:11;s:1:\"5\";i:14;s:1:\"3\";i:15;s:1:\"4\";i:16;s:1:\"3\";i:17;s:1:\"4\";}', 1, '0.9897'),
(38, '2023-01-25 13:57:47', 'a:4:{i:1;s:6:\"0.9897\";i:4;s:6:\"0.6285\";i:3;s:6:\"0.6116\";i:2;s:6:\"0.5136\";}', 'a:12:{i:1;s:1:\"5\";i:2;s:1:\"5\";i:3;s:1:\"5\";i:4;s:1:\"5\";i:5;s:1:\"5\";i:6;s:1:\"5\";i:7;s:1:\"4\";i:11;s:1:\"5\";i:14;s:1:\"3\";i:15;s:1:\"4\";i:16;s:1:\"3\";i:17;s:1:\"4\";}', 1, '0.9897'),
(39, '2023-01-25 14:00:58', 'a:4:{i:1;s:6:\"0.9897\";i:4;s:6:\"0.6285\";i:3;s:6:\"0.6116\";i:2;s:6:\"0.5136\";}', 'a:12:{i:1;s:1:\"5\";i:2;s:1:\"5\";i:3;s:1:\"5\";i:4;s:1:\"5\";i:5;s:1:\"5\";i:6;s:1:\"5\";i:7;s:1:\"4\";i:11;s:1:\"5\";i:14;s:1:\"3\";i:15;s:1:\"4\";i:16;s:1:\"3\";i:17;s:1:\"4\";}', 1, '0.9897'),
(40, '2023-01-25 14:01:09', 'a:4:{i:1;s:6:\"0.9897\";i:4;s:6:\"0.6285\";i:3;s:6:\"0.6116\";i:2;s:6:\"0.5136\";}', 'a:12:{i:1;s:1:\"5\";i:2;s:1:\"5\";i:3;s:1:\"5\";i:4;s:1:\"5\";i:5;s:1:\"5\";i:6;s:1:\"5\";i:7;s:1:\"4\";i:11;s:1:\"5\";i:14;s:1:\"3\";i:15;s:1:\"4\";i:16;s:1:\"3\";i:17;s:1:\"4\";}', 1, '0.9897'),
(41, '2023-01-25 14:05:49', 'a:4:{i:1;s:6:\"0.9897\";i:4;s:6:\"0.6285\";i:3;s:6:\"0.6116\";i:2;s:6:\"0.5136\";}', 'a:12:{i:1;s:1:\"5\";i:2;s:1:\"5\";i:3;s:1:\"5\";i:4;s:1:\"5\";i:5;s:1:\"5\";i:6;s:1:\"5\";i:7;s:1:\"4\";i:11;s:1:\"5\";i:14;s:1:\"3\";i:15;s:1:\"4\";i:16;s:1:\"3\";i:17;s:1:\"4\";}', 1, '0.9897'),
(42, '2023-01-25 14:11:48', 'a:4:{i:1;s:6:\"0.9897\";i:4;s:6:\"0.6285\";i:3;s:6:\"0.6116\";i:2;s:6:\"0.5136\";}', 'a:12:{i:1;s:1:\"5\";i:2;s:1:\"5\";i:3;s:1:\"5\";i:4;s:1:\"5\";i:5;s:1:\"5\";i:6;s:1:\"5\";i:7;s:1:\"4\";i:11;s:1:\"5\";i:14;s:1:\"3\";i:15;s:1:\"4\";i:16;s:1:\"3\";i:17;s:1:\"4\";}', 1, '0.9897'),
(43, '2023-01-25 14:21:23', 'a:4:{i:1;s:6:\"0.9897\";i:4;s:6:\"0.6285\";i:3;s:6:\"0.6116\";i:2;s:6:\"0.5136\";}', 'a:12:{i:1;s:1:\"5\";i:2;s:1:\"5\";i:3;s:1:\"5\";i:4;s:1:\"5\";i:5;s:1:\"5\";i:6;s:1:\"5\";i:7;s:1:\"4\";i:11;s:1:\"5\";i:14;s:1:\"3\";i:15;s:1:\"4\";i:16;s:1:\"3\";i:17;s:1:\"4\";}', 1, '0.9897'),
(44, '2023-01-25 14:23:07', 'a:4:{i:1;s:6:\"0.9897\";i:4;s:6:\"0.6285\";i:3;s:6:\"0.6116\";i:2;s:6:\"0.5136\";}', 'a:12:{i:1;s:1:\"5\";i:2;s:1:\"5\";i:3;s:1:\"5\";i:4;s:1:\"5\";i:5;s:1:\"5\";i:6;s:1:\"5\";i:7;s:1:\"4\";i:11;s:1:\"5\";i:14;s:1:\"3\";i:15;s:1:\"4\";i:16;s:1:\"3\";i:17;s:1:\"4\";}', 1, '0.9897'),
(45, '2023-01-25 14:23:53', 'a:4:{i:1;s:6:\"0.9897\";i:4;s:6:\"0.6285\";i:3;s:6:\"0.6116\";i:2;s:6:\"0.5136\";}', 'a:12:{i:1;s:1:\"5\";i:2;s:1:\"5\";i:3;s:1:\"5\";i:4;s:1:\"5\";i:5;s:1:\"5\";i:6;s:1:\"5\";i:7;s:1:\"4\";i:11;s:1:\"5\";i:14;s:1:\"3\";i:15;s:1:\"4\";i:16;s:1:\"3\";i:17;s:1:\"4\";}', 1, '0.9897'),
(46, '2023-01-25 14:25:24', 'a:4:{i:1;s:6:\"0.9897\";i:4;s:6:\"0.6285\";i:3;s:6:\"0.6116\";i:2;s:6:\"0.5136\";}', 'a:12:{i:1;s:1:\"5\";i:2;s:1:\"5\";i:3;s:1:\"5\";i:4;s:1:\"5\";i:5;s:1:\"5\";i:6;s:1:\"5\";i:7;s:1:\"4\";i:11;s:1:\"5\";i:14;s:1:\"3\";i:15;s:1:\"4\";i:16;s:1:\"3\";i:17;s:1:\"4\";}', 1, '0.9897'),
(47, '2023-01-25 14:25:42', 'a:4:{i:1;s:6:\"0.9897\";i:4;s:6:\"0.6285\";i:3;s:6:\"0.6116\";i:2;s:6:\"0.5136\";}', 'a:12:{i:1;s:1:\"5\";i:2;s:1:\"5\";i:3;s:1:\"5\";i:4;s:1:\"5\";i:5;s:1:\"5\";i:6;s:1:\"5\";i:7;s:1:\"4\";i:11;s:1:\"5\";i:14;s:1:\"3\";i:15;s:1:\"4\";i:16;s:1:\"3\";i:17;s:1:\"4\";}', 1, '0.9897'),
(48, '2023-01-25 14:25:43', 'a:4:{i:1;s:6:\"0.9897\";i:4;s:6:\"0.6285\";i:3;s:6:\"0.6116\";i:2;s:6:\"0.5136\";}', 'a:12:{i:1;s:1:\"5\";i:2;s:1:\"5\";i:3;s:1:\"5\";i:4;s:1:\"5\";i:5;s:1:\"5\";i:6;s:1:\"5\";i:7;s:1:\"4\";i:11;s:1:\"5\";i:14;s:1:\"3\";i:15;s:1:\"4\";i:16;s:1:\"3\";i:17;s:1:\"4\";}', 1, '0.9897'),
(49, '2023-01-25 14:26:17', 'a:4:{i:1;s:6:\"0.9897\";i:4;s:6:\"0.6285\";i:3;s:6:\"0.6116\";i:2;s:6:\"0.5136\";}', 'a:12:{i:1;s:1:\"5\";i:2;s:1:\"5\";i:3;s:1:\"5\";i:4;s:1:\"5\";i:5;s:1:\"5\";i:6;s:1:\"5\";i:7;s:1:\"4\";i:11;s:1:\"5\";i:14;s:1:\"3\";i:15;s:1:\"4\";i:16;s:1:\"3\";i:17;s:1:\"4\";}', 1, '0.9897'),
(50, '2023-01-25 14:37:59', 'a:1:{i:4;s:6:\"0.4480\";}', 'a:4:{i:12;s:1:\"1\";i:14;s:1:\"1\";i:15;s:1:\"6\";i:17;s:1:\"2\";}', 4, '0.4480'),
(51, '2023-01-25 14:58:50', 'a:0:{}', 'a:0:{}', 0, ''),
(52, '2023-01-25 15:05:32', 'a:0:{}', 'a:0:{}', 0, ''),
(53, '2023-01-25 15:10:10', 'a:2:{i:1;s:6:\"0.3600\";i:3;s:6:\"0.2400\";}', 'a:1:{i:1;s:1:\"4\";}', 1, '0.3600'),
(54, '2023-01-25 15:10:55', 'a:2:{i:1;s:6:\"0.3600\";i:3;s:6:\"0.2400\";}', 'a:1:{i:1;s:1:\"4\";}', 1, '0.3600'),
(55, '2023-01-25 15:11:46', 'a:2:{i:1;s:6:\"0.4224\";i:3;s:6:\"0.0800\";}', 'a:2:{i:4;s:1:\"3\";i:5;s:1:\"3\";}', 1, '0.4224'),
(56, '2023-01-25 15:12:34', 'a:5:{i:1;s:6:\"0.9591\";i:5;s:6:\"0.7747\";i:2;s:6:\"0.7717\";i:3;s:6:\"0.6358\";i:4;s:6:\"0.5677\";}', 'a:20:{i:1;s:1:\"3\";i:2;s:1:\"5\";i:3;s:1:\"4\";i:4;s:1:\"4\";i:5;s:1:\"5\";i:6;s:1:\"4\";i:7;s:1:\"3\";i:8;s:1:\"5\";i:9;s:1:\"3\";i:10;s:1:\"4\";i:11;s:1:\"3\";i:12;s:1:\"2\";i:13;s:1:\"4\";i:14;s:1:\"6\";i:15;s:1:\"4\";i:16;s:1:\"3\";i:17;s:1:\"2\";i:18;s:1:\"6\";i:19;s:1:\"4\";i:20;s:1:\"1\";}', 1, '0.9591'),
(57, '2023-01-25 15:13:40', 'a:5:{i:1;s:6:\"0.9591\";i:5;s:6:\"0.7747\";i:2;s:6:\"0.7717\";i:3;s:6:\"0.6358\";i:4;s:6:\"0.5677\";}', 'a:20:{i:1;s:1:\"3\";i:2;s:1:\"5\";i:3;s:1:\"4\";i:4;s:1:\"4\";i:5;s:1:\"5\";i:6;s:1:\"4\";i:7;s:1:\"3\";i:8;s:1:\"5\";i:9;s:1:\"3\";i:10;s:1:\"4\";i:11;s:1:\"3\";i:12;s:1:\"2\";i:13;s:1:\"4\";i:14;s:1:\"6\";i:15;s:1:\"4\";i:16;s:1:\"3\";i:17;s:1:\"2\";i:18;s:1:\"6\";i:19;s:1:\"4\";i:20;s:1:\"1\";}', 1, '0.9591'),
(58, '2023-01-25 15:14:09', 'a:0:{}', 'a:0:{}', 0, ''),
(59, '2023-01-25 15:14:14', 'a:2:{i:1;s:6:\"0.4800\";i:3;s:6:\"0.3200\";}', 'a:1:{i:1;s:1:\"5\";}', 1, '0.4800'),
(60, '2023-01-25 15:14:39', 'a:2:{i:1;s:6:\"0.4800\";i:3;s:6:\"0.3200\";}', 'a:1:{i:1;s:1:\"5\";}', 1, '0.4800'),
(61, '2023-01-25 15:18:34', 'a:2:{i:1;s:6:\"0.9269\";i:3;s:6:\"0.3200\";}', 'a:4:{i:1;s:1:\"5\";i:2;s:1:\"5\";i:3;s:1:\"5\";i:4;s:1:\"5\";}', 1, '0.9269'),
(62, '2023-01-25 15:19:26', 'a:2:{i:1;s:6:\"0.9269\";i:3;s:6:\"0.3200\";}', 'a:4:{i:1;s:1:\"5\";i:2;s:1:\"5\";i:3;s:1:\"5\";i:4;s:1:\"5\";}', 1, '0.9269'),
(63, '2023-01-25 15:19:54', 'a:2:{i:1;s:6:\"0.9269\";i:3;s:6:\"0.3200\";}', 'a:4:{i:1;s:1:\"5\";i:2;s:1:\"5\";i:3;s:1:\"5\";i:4;s:1:\"5\";}', 1, '0.9269'),
(64, '2023-01-25 15:20:39', 'a:2:{i:1;s:6:\"0.9269\";i:3;s:6:\"0.3200\";}', 'a:4:{i:1;s:1:\"5\";i:2;s:1:\"5\";i:3;s:1:\"5\";i:4;s:1:\"5\";}', 1, '0.9269'),
(65, '2023-01-25 15:21:53', 'a:2:{i:1;s:6:\"0.9269\";i:3;s:6:\"0.3200\";}', 'a:4:{i:1;s:1:\"5\";i:2;s:1:\"5\";i:3;s:1:\"5\";i:4;s:1:\"5\";}', 1, '0.9269'),
(66, '2023-01-25 15:35:59', 'a:2:{i:1;s:6:\"0.9848\";i:3;s:6:\"0.4960\";}', 'a:6:{i:1;s:1:\"6\";i:2;s:1:\"5\";i:3;s:1:\"5\";i:4;s:1:\"5\";i:5;s:1:\"5\";i:6;s:1:\"5\";}', 1, '0.9848'),
(67, '2023-01-25 16:40:54', 'a:2:{i:1;s:6:\"0.8594\";i:3;s:6:\"0.3200\";}', 'a:3:{i:1;s:1:\"5\";i:2;s:1:\"5\";i:3;s:1:\"5\";}', 1, '0.8594'),
(68, '2023-01-25 16:47:08', 'a:2:{i:1;s:6:\"0.8594\";i:3;s:6:\"0.3200\";}', 'a:3:{i:1;s:1:\"5\";i:2;s:1:\"5\";i:3;s:1:\"5\";}', 1, '0.8594'),
(69, '2023-01-25 16:47:46', 'a:2:{i:1;s:6:\"0.8594\";i:3;s:6:\"0.3200\";}', 'a:3:{i:1;s:1:\"5\";i:2;s:1:\"5\";i:3;s:1:\"5\";}', 1, '0.8594'),
(70, '2023-01-25 16:48:01', 'a:2:{i:1;s:6:\"0.8594\";i:3;s:6:\"0.3200\";}', 'a:3:{i:1;s:1:\"5\";i:2;s:1:\"5\";i:3;s:1:\"5\";}', 1, '0.8594'),
(71, '2023-01-25 16:48:04', 'a:2:{i:1;s:6:\"0.8594\";i:3;s:6:\"0.3200\";}', 'a:3:{i:1;s:1:\"5\";i:2;s:1:\"5\";i:3;s:1:\"5\";}', 1, '0.8594'),
(72, '2023-01-25 16:48:33', 'a:2:{i:1;s:6:\"0.8594\";i:3;s:6:\"0.3200\";}', 'a:3:{i:1;s:1:\"5\";i:2;s:1:\"5\";i:3;s:1:\"5\";}', 1, '0.8594'),
(73, '2023-01-25 16:49:18', 'a:2:{i:1;s:6:\"0.8594\";i:3;s:6:\"0.3200\";}', 'a:3:{i:1;s:1:\"5\";i:2;s:1:\"5\";i:3;s:1:\"5\";}', 1, '0.8594'),
(74, '2023-01-25 16:52:43', 'a:2:{i:1;s:6:\"0.8594\";i:3;s:6:\"0.3200\";}', 'a:3:{i:1;s:1:\"5\";i:2;s:1:\"5\";i:3;s:1:\"5\";}', 1, '0.8594'),
(75, '2023-01-25 16:52:55', 'a:2:{i:1;s:6:\"0.8594\";i:3;s:6:\"0.3200\";}', 'a:3:{i:1;s:1:\"5\";i:2;s:1:\"5\";i:3;s:1:\"5\";}', 1, '0.8594'),
(76, '2023-01-25 16:54:17', 'a:2:{i:1;s:6:\"0.8594\";i:3;s:6:\"0.3200\";}', 'a:3:{i:1;s:1:\"5\";i:2;s:1:\"5\";i:3;s:1:\"5\";}', 1, '0.8594'),
(77, '2023-01-25 16:54:34', 'a:2:{i:1;s:6:\"0.8594\";i:3;s:6:\"0.3200\";}', 'a:3:{i:1;s:1:\"5\";i:2;s:1:\"5\";i:3;s:1:\"5\";}', 1, '0.8594'),
(78, '2023-01-25 16:57:01', 'a:2:{i:1;s:6:\"0.8594\";i:3;s:6:\"0.3200\";}', 'a:3:{i:1;s:1:\"5\";i:2;s:1:\"5\";i:3;s:1:\"5\";}', 1, '0.8594'),
(79, '2023-01-25 16:57:11', 'a:2:{i:1;s:6:\"0.8594\";i:3;s:6:\"0.3200\";}', 'a:3:{i:1;s:1:\"5\";i:2;s:1:\"5\";i:3;s:1:\"5\";}', 1, '0.8594'),
(80, '2023-01-25 16:58:01', 'a:2:{i:1;s:6:\"0.8594\";i:3;s:6:\"0.3200\";}', 'a:3:{i:1;s:1:\"5\";i:2;s:1:\"5\";i:3;s:1:\"5\";}', 1, '0.8594'),
(81, '2023-01-25 16:58:09', 'a:2:{i:1;s:6:\"0.8594\";i:3;s:6:\"0.3200\";}', 'a:3:{i:1;s:1:\"5\";i:2;s:1:\"5\";i:3;s:1:\"5\";}', 1, '0.8594'),
(82, '2023-01-25 16:58:37', 'a:2:{i:1;s:6:\"0.8594\";i:3;s:6:\"0.3200\";}', 'a:3:{i:1;s:1:\"5\";i:2;s:1:\"5\";i:3;s:1:\"5\";}', 1, '0.8594'),
(83, '2023-01-25 17:00:38', 'a:2:{i:1;s:6:\"0.8594\";i:3;s:6:\"0.3200\";}', 'a:3:{i:1;s:1:\"5\";i:2;s:1:\"5\";i:3;s:1:\"5\";}', 1, '0.8594'),
(84, '2023-01-25 17:00:55', 'a:2:{i:1;s:6:\"0.8594\";i:3;s:6:\"0.3200\";}', 'a:3:{i:1;s:1:\"5\";i:2;s:1:\"5\";i:3;s:1:\"5\";}', 1, '0.8594'),
(85, '2023-01-25 17:01:06', 'a:2:{i:1;s:6:\"0.8594\";i:3;s:6:\"0.3200\";}', 'a:3:{i:1;s:1:\"5\";i:2;s:1:\"5\";i:3;s:1:\"5\";}', 1, '0.8594'),
(86, '2023-01-25 17:01:26', 'a:2:{i:1;s:6:\"0.8594\";i:3;s:6:\"0.3200\";}', 'a:3:{i:1;s:1:\"5\";i:2;s:1:\"5\";i:3;s:1:\"5\";}', 1, '0.8594'),
(87, '2023-01-25 17:03:15', 'a:2:{i:1;s:6:\"0.8594\";i:3;s:6:\"0.3200\";}', 'a:3:{i:1;s:1:\"5\";i:2;s:1:\"5\";i:3;s:1:\"5\";}', 1, '0.8594'),
(88, '2023-01-25 17:04:06', 'a:2:{i:1;s:6:\"0.8594\";i:3;s:6:\"0.3200\";}', 'a:3:{i:1;s:1:\"5\";i:2;s:1:\"5\";i:3;s:1:\"5\";}', 1, '0.8594'),
(89, '2023-01-25 17:07:17', 'a:2:{i:1;s:6:\"0.8594\";i:3;s:6:\"0.3200\";}', 'a:3:{i:1;s:1:\"5\";i:2;s:1:\"5\";i:3;s:1:\"5\";}', 1, '0.8594'),
(90, '2023-01-25 17:07:55', 'a:2:{i:1;s:6:\"0.8594\";i:3;s:6:\"0.3200\";}', 'a:3:{i:1;s:1:\"5\";i:2;s:1:\"5\";i:3;s:1:\"5\";}', 1, '0.8594'),
(91, '2023-01-25 17:09:33', 'a:2:{i:1;s:6:\"0.8594\";i:3;s:6:\"0.3200\";}', 'a:3:{i:1;s:1:\"5\";i:2;s:1:\"5\";i:3;s:1:\"5\";}', 1, '0.8594'),
(92, '2023-01-25 17:11:05', 'a:2:{i:1;s:6:\"0.8594\";i:3;s:6:\"0.3200\";}', 'a:3:{i:1;s:1:\"5\";i:2;s:1:\"5\";i:3;s:1:\"5\";}', 1, '0.8594'),
(93, '2023-01-25 17:12:17', 'a:2:{i:1;s:6:\"0.8594\";i:3;s:6:\"0.3200\";}', 'a:3:{i:1;s:1:\"5\";i:2;s:1:\"5\";i:3;s:1:\"5\";}', 1, '0.8594'),
(94, '2023-01-25 17:12:27', 'a:2:{i:1;s:6:\"0.8594\";i:3;s:6:\"0.3200\";}', 'a:3:{i:1;s:1:\"5\";i:2;s:1:\"5\";i:3;s:1:\"5\";}', 1, '0.8594'),
(95, '2023-01-25 17:15:19', 'a:2:{i:1;s:6:\"0.8594\";i:3;s:6:\"0.3200\";}', 'a:3:{i:1;s:1:\"5\";i:2;s:1:\"5\";i:3;s:1:\"5\";}', 1, '0.8594'),
(96, '2023-01-25 17:16:47', 'a:2:{i:1;s:6:\"0.8594\";i:3;s:6:\"0.3200\";}', 'a:3:{i:1;s:1:\"5\";i:2;s:1:\"5\";i:3;s:1:\"5\";}', 1, '0.8594'),
(97, '2023-01-25 17:17:29', 'a:2:{i:1;s:6:\"0.8594\";i:3;s:6:\"0.3200\";}', 'a:3:{i:1;s:1:\"5\";i:2;s:1:\"5\";i:3;s:1:\"5\";}', 1, '0.8594'),
(98, '2023-01-25 17:19:14', 'a:2:{i:1;s:6:\"0.8594\";i:3;s:6:\"0.3200\";}', 'a:3:{i:1;s:1:\"5\";i:2;s:1:\"5\";i:3;s:1:\"5\";}', 1, '0.8594'),
(99, '2023-01-25 17:20:54', 'a:4:{i:1;s:6:\"0.9802\";i:2;s:6:\"0.7296\";i:3;s:6:\"0.4288\";i:4;s:6:\"0.3200\";}', 'a:8:{i:1;s:1:\"5\";i:2;s:1:\"5\";i:3;s:1:\"5\";i:4;s:1:\"5\";i:5;s:1:\"5\";i:6;s:1:\"5\";i:7;s:1:\"5\";i:8;s:1:\"5\";}', 1, '0.9802'),
(100, '2023-01-25 17:49:11', 'a:4:{i:1;s:6:\"0.6000\";i:3;s:6:\"0.4000\";i:2;s:6:\"0.3600\";i:4;s:6:\"0.1600\";}', 'a:3:{i:1;s:1:\"6\";i:9;s:1:\"4\";i:14;s:1:\"5\";}', 1, '0.6000'),
(101, '2023-01-25 17:49:50', 'a:3:{i:2;s:6:\"0.6000\";i:1;s:6:\"0.2400\";i:4;s:6:\"0.2000\";}', 'a:4:{i:1;s:1:\"1\";i:4;s:1:\"3\";i:8;s:1:\"6\";i:14;s:1:\"6\";}', 2, '0.6000'),
(102, '2023-01-25 17:50:37', 'a:3:{i:1;s:6:\"0.7747\";i:5;s:6:\"0.7296\";i:3;s:6:\"0.5363\";}', 'a:6:{i:1;s:1:\"6\";i:4;s:1:\"4\";i:11;s:1:\"2\";i:12;s:1:\"5\";i:14;s:1:\"1\";i:19;s:1:\"5\";}', 1, '0.7747'),
(103, '2023-01-25 17:54:50', 'a:3:{i:3;s:6:\"0.7674\";i:1;s:6:\"0.7379\";i:5;s:6:\"0.3600\";}', 'a:5:{i:1;s:1:\"4\";i:5;s:1:\"4\";i:10;s:1:\"5\";i:11;s:1:\"4\";i:12;s:1:\"4\";}', 3, '0.7674'),
(104, '2023-01-25 18:00:01', 'a:3:{i:3;s:6:\"0.7674\";i:1;s:6:\"0.7379\";i:5;s:6:\"0.3600\";}', 'a:5:{i:1;s:1:\"4\";i:5;s:1:\"4\";i:10;s:1:\"5\";i:11;s:1:\"4\";i:12;s:1:\"4\";}', 3, '0.7674'),
(105, '2023-01-25 18:00:02', 'a:3:{i:3;s:6:\"0.7674\";i:1;s:6:\"0.7379\";i:5;s:6:\"0.3600\";}', 'a:5:{i:1;s:1:\"4\";i:5;s:1:\"4\";i:10;s:1:\"5\";i:11;s:1:\"4\";i:12;s:1:\"4\";}', 3, '0.7674'),
(106, '2023-01-25 18:00:03', 'a:3:{i:3;s:6:\"0.7674\";i:1;s:6:\"0.7379\";i:5;s:6:\"0.3600\";}', 'a:5:{i:1;s:1:\"4\";i:5;s:1:\"4\";i:10;s:1:\"5\";i:11;s:1:\"4\";i:12;s:1:\"4\";}', 3, '0.7674'),
(107, '2023-01-25 18:00:20', 'a:3:{i:3;s:6:\"0.7674\";i:1;s:6:\"0.7379\";i:5;s:6:\"0.3600\";}', 'a:5:{i:1;s:1:\"4\";i:5;s:1:\"4\";i:10;s:1:\"5\";i:11;s:1:\"4\";i:12;s:1:\"4\";}', 3, '0.7674'),
(108, '2023-01-25 18:01:44', 'a:3:{i:3;s:6:\"0.7674\";i:1;s:6:\"0.7379\";i:5;s:6:\"0.3600\";}', 'a:5:{i:1;s:1:\"4\";i:5;s:1:\"4\";i:10;s:1:\"5\";i:11;s:1:\"4\";i:12;s:1:\"4\";}', 3, '0.7674'),
(109, '2023-01-25 18:02:14', 'a:3:{i:3;s:6:\"0.7674\";i:1;s:6:\"0.7379\";i:5;s:6:\"0.3600\";}', 'a:5:{i:1;s:1:\"4\";i:5;s:1:\"4\";i:10;s:1:\"5\";i:11;s:1:\"4\";i:12;s:1:\"4\";}', 3, '0.7674'),
(110, '2023-01-25 18:02:26', 'a:3:{i:3;s:6:\"0.7674\";i:1;s:6:\"0.7379\";i:5;s:6:\"0.3600\";}', 'a:5:{i:1;s:1:\"4\";i:5;s:1:\"4\";i:10;s:1:\"5\";i:11;s:1:\"4\";i:12;s:1:\"4\";}', 3, '0.7674'),
(111, '2023-01-25 18:02:34', 'a:3:{i:3;s:6:\"0.7674\";i:1;s:6:\"0.7379\";i:5;s:6:\"0.3600\";}', 'a:5:{i:1;s:1:\"4\";i:5;s:1:\"4\";i:10;s:1:\"5\";i:11;s:1:\"4\";i:12;s:1:\"4\";}', 3, '0.7674'),
(112, '2023-01-25 18:02:58', 'a:3:{i:3;s:6:\"0.7674\";i:1;s:6:\"0.7379\";i:5;s:6:\"0.3600\";}', 'a:5:{i:1;s:1:\"4\";i:5;s:1:\"4\";i:10;s:1:\"5\";i:11;s:1:\"4\";i:12;s:1:\"4\";}', 3, '0.7674'),
(113, '2023-01-25 18:02:59', 'a:3:{i:3;s:6:\"0.7674\";i:1;s:6:\"0.7379\";i:5;s:6:\"0.3600\";}', 'a:5:{i:1;s:1:\"4\";i:5;s:1:\"4\";i:10;s:1:\"5\";i:11;s:1:\"4\";i:12;s:1:\"4\";}', 3, '0.7674'),
(114, '2023-01-25 18:03:01', 'a:3:{i:3;s:6:\"0.7674\";i:1;s:6:\"0.7379\";i:5;s:6:\"0.3600\";}', 'a:5:{i:1;s:1:\"4\";i:5;s:1:\"4\";i:10;s:1:\"5\";i:11;s:1:\"4\";i:12;s:1:\"4\";}', 3, '0.7674'),
(115, '2023-01-25 18:04:09', 'a:3:{i:3;s:6:\"0.7674\";i:1;s:6:\"0.7379\";i:5;s:6:\"0.3600\";}', 'a:5:{i:1;s:1:\"4\";i:5;s:1:\"4\";i:10;s:1:\"5\";i:11;s:1:\"4\";i:12;s:1:\"4\";}', 3, '0.7674'),
(116, '2023-01-25 18:04:40', 'a:3:{i:3;s:6:\"0.7674\";i:1;s:6:\"0.7379\";i:5;s:6:\"0.3600\";}', 'a:5:{i:1;s:1:\"4\";i:5;s:1:\"4\";i:10;s:1:\"5\";i:11;s:1:\"4\";i:12;s:1:\"4\";}', 3, '0.7674'),
(117, '2023-01-25 18:04:40', 'a:3:{i:3;s:6:\"0.7674\";i:1;s:6:\"0.7379\";i:5;s:6:\"0.3600\";}', 'a:5:{i:1;s:1:\"4\";i:5;s:1:\"4\";i:10;s:1:\"5\";i:11;s:1:\"4\";i:12;s:1:\"4\";}', 3, '0.7674'),
(118, '2023-01-25 18:04:41', 'a:3:{i:3;s:6:\"0.7674\";i:1;s:6:\"0.7379\";i:5;s:6:\"0.3600\";}', 'a:5:{i:1;s:1:\"4\";i:5;s:1:\"4\";i:10;s:1:\"5\";i:11;s:1:\"4\";i:12;s:1:\"4\";}', 3, '0.7674'),
(119, '2023-01-25 18:04:41', 'a:3:{i:3;s:6:\"0.7674\";i:1;s:6:\"0.7379\";i:5;s:6:\"0.3600\";}', 'a:5:{i:1;s:1:\"4\";i:5;s:1:\"4\";i:10;s:1:\"5\";i:11;s:1:\"4\";i:12;s:1:\"4\";}', 3, '0.7674'),
(120, '2023-01-25 18:04:41', 'a:3:{i:3;s:6:\"0.7674\";i:1;s:6:\"0.7379\";i:5;s:6:\"0.3600\";}', 'a:5:{i:1;s:1:\"4\";i:5;s:1:\"4\";i:10;s:1:\"5\";i:11;s:1:\"4\";i:12;s:1:\"4\";}', 3, '0.7674'),
(121, '2023-01-25 18:04:41', 'a:3:{i:3;s:6:\"0.7674\";i:1;s:6:\"0.7379\";i:5;s:6:\"0.3600\";}', 'a:5:{i:1;s:1:\"4\";i:5;s:1:\"4\";i:10;s:1:\"5\";i:11;s:1:\"4\";i:12;s:1:\"4\";}', 3, '0.7674'),
(122, '2023-01-25 18:04:41', 'a:3:{i:3;s:6:\"0.7674\";i:1;s:6:\"0.7379\";i:5;s:6:\"0.3600\";}', 'a:5:{i:1;s:1:\"4\";i:5;s:1:\"4\";i:10;s:1:\"5\";i:11;s:1:\"4\";i:12;s:1:\"4\";}', 3, '0.7674'),
(123, '2023-01-25 18:05:31', 'a:3:{i:3;s:6:\"0.7674\";i:1;s:6:\"0.7379\";i:5;s:6:\"0.3600\";}', 'a:5:{i:1;s:1:\"4\";i:5;s:1:\"4\";i:10;s:1:\"5\";i:11;s:1:\"4\";i:12;s:1:\"4\";}', 3, '0.7674'),
(124, '2023-01-25 18:05:32', 'a:3:{i:3;s:6:\"0.7674\";i:1;s:6:\"0.7379\";i:5;s:6:\"0.3600\";}', 'a:5:{i:1;s:1:\"4\";i:5;s:1:\"4\";i:10;s:1:\"5\";i:11;s:1:\"4\";i:12;s:1:\"4\";}', 3, '0.7674'),
(125, '2023-01-25 18:05:32', 'a:3:{i:3;s:6:\"0.7674\";i:1;s:6:\"0.7379\";i:5;s:6:\"0.3600\";}', 'a:5:{i:1;s:1:\"4\";i:5;s:1:\"4\";i:10;s:1:\"5\";i:11;s:1:\"4\";i:12;s:1:\"4\";}', 3, '0.7674'),
(126, '2023-01-25 18:05:32', 'a:3:{i:3;s:6:\"0.7674\";i:1;s:6:\"0.7379\";i:5;s:6:\"0.3600\";}', 'a:5:{i:1;s:1:\"4\";i:5;s:1:\"4\";i:10;s:1:\"5\";i:11;s:1:\"4\";i:12;s:1:\"4\";}', 3, '0.7674'),
(127, '2023-01-25 18:05:32', 'a:3:{i:3;s:6:\"0.7674\";i:1;s:6:\"0.7379\";i:5;s:6:\"0.3600\";}', 'a:5:{i:1;s:1:\"4\";i:5;s:1:\"4\";i:10;s:1:\"5\";i:11;s:1:\"4\";i:12;s:1:\"4\";}', 3, '0.7674'),
(128, '2023-01-25 18:05:33', 'a:3:{i:3;s:6:\"0.7674\";i:1;s:6:\"0.7379\";i:5;s:6:\"0.3600\";}', 'a:5:{i:1;s:1:\"4\";i:5;s:1:\"4\";i:10;s:1:\"5\";i:11;s:1:\"4\";i:12;s:1:\"4\";}', 3, '0.7674'),
(129, '2023-01-25 18:09:00', 'a:2:{i:1;s:6:\"0.9444\";i:3;s:6:\"0.3744\";}', 'a:5:{i:1;s:1:\"5\";i:2;s:1:\"5\";i:3;s:1:\"5\";i:4;s:1:\"5\";i:5;s:1:\"3\";}', 1, '0.9444'),
(130, '2023-01-25 18:12:03', 'a:2:{i:1;s:6:\"0.9444\";i:3;s:6:\"0.3744\";}', 'a:5:{i:1;s:1:\"5\";i:2;s:1:\"5\";i:3;s:1:\"5\";i:4;s:1:\"5\";i:5;s:1:\"3\";}', 1, '0.9444'),
(131, '2023-01-25 18:12:13', 'a:2:{i:1;s:6:\"0.9444\";i:3;s:6:\"0.3744\";}', 'a:5:{i:1;s:1:\"5\";i:2;s:1:\"5\";i:3;s:1:\"5\";i:4;s:1:\"5\";i:5;s:1:\"3\";}', 1, '0.9444'),
(132, '2023-01-25 18:12:14', 'a:2:{i:1;s:6:\"0.9444\";i:3;s:6:\"0.3744\";}', 'a:5:{i:1;s:1:\"5\";i:2;s:1:\"5\";i:3;s:1:\"5\";i:4;s:1:\"5\";i:5;s:1:\"3\";}', 1, '0.9444'),
(133, '2023-01-25 18:12:14', 'a:2:{i:1;s:6:\"0.9444\";i:3;s:6:\"0.3744\";}', 'a:5:{i:1;s:1:\"5\";i:2;s:1:\"5\";i:3;s:1:\"5\";i:4;s:1:\"5\";i:5;s:1:\"3\";}', 1, '0.9444'),
(134, '2023-01-25 18:12:14', 'a:2:{i:1;s:6:\"0.9444\";i:3;s:6:\"0.3744\";}', 'a:5:{i:1;s:1:\"5\";i:2;s:1:\"5\";i:3;s:1:\"5\";i:4;s:1:\"5\";i:5;s:1:\"3\";}', 1, '0.9444'),
(135, '2023-01-25 18:12:14', 'a:2:{i:1;s:6:\"0.9444\";i:3;s:6:\"0.3744\";}', 'a:5:{i:1;s:1:\"5\";i:2;s:1:\"5\";i:3;s:1:\"5\";i:4;s:1:\"5\";i:5;s:1:\"3\";}', 1, '0.9444'),
(136, '2023-01-25 18:12:58', 'a:2:{i:1;s:6:\"0.9444\";i:3;s:6:\"0.3744\";}', 'a:5:{i:1;s:1:\"5\";i:2;s:1:\"5\";i:3;s:1:\"5\";i:4;s:1:\"5\";i:5;s:1:\"3\";}', 1, '0.9444'),
(137, '2023-01-25 18:13:27', 'a:2:{i:1;s:6:\"0.9444\";i:3;s:6:\"0.3744\";}', 'a:5:{i:1;s:1:\"5\";i:2;s:1:\"5\";i:3;s:1:\"5\";i:4;s:1:\"5\";i:5;s:1:\"3\";}', 1, '0.9444'),
(138, '2023-01-25 18:14:58', 'a:2:{i:1;s:6:\"0.9444\";i:3;s:6:\"0.3744\";}', 'a:5:{i:1;s:1:\"5\";i:2;s:1:\"5\";i:3;s:1:\"5\";i:4;s:1:\"5\";i:5;s:1:\"3\";}', 1, '0.9444'),
(139, '2023-01-25 18:15:22', 'a:2:{i:1;s:6:\"0.9444\";i:3;s:6:\"0.3744\";}', 'a:5:{i:1;s:1:\"5\";i:2;s:1:\"5\";i:3;s:1:\"5\";i:4;s:1:\"5\";i:5;s:1:\"3\";}', 1, '0.9444'),
(140, '2023-01-25 18:16:10', 'a:2:{i:1;s:6:\"0.9444\";i:3;s:6:\"0.3744\";}', 'a:5:{i:1;s:1:\"5\";i:2;s:1:\"5\";i:3;s:1:\"5\";i:4;s:1:\"5\";i:5;s:1:\"3\";}', 1, '0.9444'),
(141, '2023-01-25 18:16:39', 'a:2:{i:1;s:6:\"0.9444\";i:3;s:6:\"0.3744\";}', 'a:5:{i:1;s:1:\"5\";i:2;s:1:\"5\";i:3;s:1:\"5\";i:4;s:1:\"5\";i:5;s:1:\"3\";}', 1, '0.9444'),
(142, '2023-01-25 18:16:39', 'a:2:{i:1;s:6:\"0.9444\";i:3;s:6:\"0.3744\";}', 'a:5:{i:1;s:1:\"5\";i:2;s:1:\"5\";i:3;s:1:\"5\";i:4;s:1:\"5\";i:5;s:1:\"3\";}', 1, '0.9444'),
(143, '2023-01-25 18:16:39', 'a:2:{i:1;s:6:\"0.9444\";i:3;s:6:\"0.3744\";}', 'a:5:{i:1;s:1:\"5\";i:2;s:1:\"5\";i:3;s:1:\"5\";i:4;s:1:\"5\";i:5;s:1:\"3\";}', 1, '0.9444'),
(144, '2023-01-25 18:16:40', 'a:2:{i:1;s:6:\"0.9444\";i:3;s:6:\"0.3744\";}', 'a:5:{i:1;s:1:\"5\";i:2;s:1:\"5\";i:3;s:1:\"5\";i:4;s:1:\"5\";i:5;s:1:\"3\";}', 1, '0.9444'),
(145, '2023-01-25 18:16:53', 'a:2:{i:1;s:6:\"0.9444\";i:3;s:6:\"0.3744\";}', 'a:5:{i:1;s:1:\"5\";i:2;s:1:\"5\";i:3;s:1:\"5\";i:4;s:1:\"5\";i:5;s:1:\"3\";}', 1, '0.9444'),
(146, '2023-01-25 18:17:51', 'a:2:{i:1;s:6:\"0.9444\";i:3;s:6:\"0.3744\";}', 'a:5:{i:1;s:1:\"5\";i:2;s:1:\"5\";i:3;s:1:\"5\";i:4;s:1:\"5\";i:5;s:1:\"3\";}', 1, '0.9444'),
(147, '2023-01-25 18:18:32', 'a:2:{i:1;s:6:\"0.9444\";i:3;s:6:\"0.3744\";}', 'a:5:{i:1;s:1:\"5\";i:2;s:1:\"5\";i:3;s:1:\"5\";i:4;s:1:\"5\";i:5;s:1:\"3\";}', 1, '0.9444'),
(148, '2023-01-25 18:19:35', 'a:2:{i:1;s:6:\"0.9444\";i:3;s:6:\"0.3744\";}', 'a:5:{i:1;s:1:\"5\";i:2;s:1:\"5\";i:3;s:1:\"5\";i:4;s:1:\"5\";i:5;s:1:\"3\";}', 1, '0.9444'),
(149, '2023-01-25 18:19:35', 'a:2:{i:1;s:6:\"0.9444\";i:3;s:6:\"0.3744\";}', 'a:5:{i:1;s:1:\"5\";i:2;s:1:\"5\";i:3;s:1:\"5\";i:4;s:1:\"5\";i:5;s:1:\"3\";}', 1, '0.9444'),
(150, '2023-01-25 18:19:35', 'a:2:{i:1;s:6:\"0.9444\";i:3;s:6:\"0.3744\";}', 'a:5:{i:1;s:1:\"5\";i:2;s:1:\"5\";i:3;s:1:\"5\";i:4;s:1:\"5\";i:5;s:1:\"3\";}', 1, '0.9444'),
(151, '2023-01-25 18:19:39', 'a:2:{i:1;s:6:\"0.9444\";i:3;s:6:\"0.3744\";}', 'a:5:{i:1;s:1:\"5\";i:2;s:1:\"5\";i:3;s:1:\"5\";i:4;s:1:\"5\";i:5;s:1:\"3\";}', 1, '0.9444'),
(152, '2023-01-25 18:19:40', 'a:2:{i:1;s:6:\"0.9444\";i:3;s:6:\"0.3744\";}', 'a:5:{i:1;s:1:\"5\";i:2;s:1:\"5\";i:3;s:1:\"5\";i:4;s:1:\"5\";i:5;s:1:\"3\";}', 1, '0.9444'),
(153, '2023-01-25 18:19:40', 'a:2:{i:1;s:6:\"0.9444\";i:3;s:6:\"0.3744\";}', 'a:5:{i:1;s:1:\"5\";i:2;s:1:\"5\";i:3;s:1:\"5\";i:4;s:1:\"5\";i:5;s:1:\"3\";}', 1, '0.9444'),
(154, '2023-01-25 18:19:40', 'a:2:{i:1;s:6:\"0.9444\";i:3;s:6:\"0.3744\";}', 'a:5:{i:1;s:1:\"5\";i:2;s:1:\"5\";i:3;s:1:\"5\";i:4;s:1:\"5\";i:5;s:1:\"3\";}', 1, '0.9444'),
(155, '2023-01-25 18:20:31', 'a:2:{i:1;s:6:\"0.9444\";i:3;s:6:\"0.3744\";}', 'a:5:{i:1;s:1:\"5\";i:2;s:1:\"5\";i:3;s:1:\"5\";i:4;s:1:\"5\";i:5;s:1:\"3\";}', 1, '0.9444'),
(156, '2023-01-25 18:20:32', 'a:2:{i:1;s:6:\"0.9444\";i:3;s:6:\"0.3744\";}', 'a:5:{i:1;s:1:\"5\";i:2;s:1:\"5\";i:3;s:1:\"5\";i:4;s:1:\"5\";i:5;s:1:\"3\";}', 1, '0.9444'),
(157, '2023-01-25 18:20:32', 'a:2:{i:1;s:6:\"0.9444\";i:3;s:6:\"0.3744\";}', 'a:5:{i:1;s:1:\"5\";i:2;s:1:\"5\";i:3;s:1:\"5\";i:4;s:1:\"5\";i:5;s:1:\"3\";}', 1, '0.9444'),
(158, '2023-01-25 18:20:32', 'a:2:{i:1;s:6:\"0.9444\";i:3;s:6:\"0.3744\";}', 'a:5:{i:1;s:1:\"5\";i:2;s:1:\"5\";i:3;s:1:\"5\";i:4;s:1:\"5\";i:5;s:1:\"3\";}', 1, '0.9444'),
(159, '2023-01-25 18:20:33', 'a:2:{i:1;s:6:\"0.9444\";i:3;s:6:\"0.3744\";}', 'a:5:{i:1;s:1:\"5\";i:2;s:1:\"5\";i:3;s:1:\"5\";i:4;s:1:\"5\";i:5;s:1:\"3\";}', 1, '0.9444'),
(160, '2023-01-25 18:21:16', 'a:2:{i:1;s:6:\"0.9444\";i:3;s:6:\"0.3744\";}', 'a:5:{i:1;s:1:\"5\";i:2;s:1:\"5\";i:3;s:1:\"5\";i:4;s:1:\"5\";i:5;s:1:\"3\";}', 1, '0.9444'),
(161, '2023-01-25 18:21:32', 'a:2:{i:1;s:6:\"0.9444\";i:3;s:6:\"0.3744\";}', 'a:5:{i:1;s:1:\"5\";i:2;s:1:\"5\";i:3;s:1:\"5\";i:4;s:1:\"5\";i:5;s:1:\"3\";}', 1, '0.9444'),
(162, '2023-01-25 18:27:35', 'a:2:{i:1;s:6:\"0.9444\";i:3;s:6:\"0.3744\";}', 'a:5:{i:1;s:1:\"5\";i:2;s:1:\"5\";i:3;s:1:\"5\";i:4;s:1:\"5\";i:5;s:1:\"3\";}', 1, '0.9444'),
(163, '2023-01-25 18:28:07', 'a:2:{i:1;s:6:\"0.9444\";i:3;s:6:\"0.3744\";}', 'a:5:{i:1;s:1:\"5\";i:2;s:1:\"5\";i:3;s:1:\"5\";i:4;s:1:\"5\";i:5;s:1:\"3\";}', 1, '0.9444'),
(164, '2023-01-25 18:50:16', 'a:2:{i:1;s:6:\"0.8594\";i:3;s:6:\"0.3200\";}', 'a:3:{i:1;s:1:\"5\";i:2;s:1:\"5\";i:3;s:1:\"5\";}', 1, '0.8594'),
(165, '2023-01-25 18:53:07', 'a:2:{i:1;s:6:\"0.8594\";i:3;s:6:\"0.3200\";}', 'a:3:{i:1;s:1:\"5\";i:2;s:1:\"5\";i:3;s:1:\"5\";}', 1, '0.8594'),
(166, '2023-01-25 18:53:47', 'a:2:{i:1;s:6:\"0.8594\";i:3;s:6:\"0.3200\";}', 'a:3:{i:1;s:1:\"5\";i:2;s:1:\"5\";i:3;s:1:\"5\";}', 1, '0.8594'),
(167, '2023-01-25 18:54:00', 'a:2:{i:1;s:6:\"0.8594\";i:3;s:6:\"0.3200\";}', 'a:3:{i:1;s:1:\"5\";i:2;s:1:\"5\";i:3;s:1:\"5\";}', 1, '0.8594'),
(168, '2023-01-25 18:54:27', 'a:2:{i:1;s:6:\"0.8594\";i:3;s:6:\"0.3200\";}', 'a:3:{i:1;s:1:\"5\";i:2;s:1:\"5\";i:3;s:1:\"5\";}', 1, '0.8594'),
(169, '2023-01-25 18:58:31', 'a:2:{i:1;s:6:\"0.8594\";i:3;s:6:\"0.3200\";}', 'a:3:{i:1;s:1:\"5\";i:2;s:1:\"5\";i:3;s:1:\"5\";}', 1, '0.8594'),
(170, '2023-01-25 18:58:58', 'a:4:{i:1;s:6:\"0.9619\";i:2;s:6:\"0.7747\";i:3;s:6:\"0.6314\";i:4;s:6:\"0.2400\";}', 'a:11:{i:1;s:1:\"1\";i:2;s:1:\"1\";i:3;s:1:\"5\";i:4;s:1:\"6\";i:5;s:1:\"2\";i:6;s:1:\"5\";i:7;s:1:\"4\";i:8;s:1:\"6\";i:9;s:1:\"2\";i:10;s:1:\"4\";i:11;s:1:\"6\";}', 1, '0.9619'),
(171, '2023-01-25 18:59:20', 'a:4:{i:1;s:6:\"0.9619\";i:2;s:6:\"0.7747\";i:3;s:6:\"0.6314\";i:4;s:6:\"0.2400\";}', 'a:11:{i:1;s:1:\"1\";i:2;s:1:\"1\";i:3;s:1:\"5\";i:4;s:1:\"6\";i:5;s:1:\"2\";i:6;s:1:\"5\";i:7;s:1:\"4\";i:8;s:1:\"6\";i:9;s:1:\"2\";i:10;s:1:\"4\";i:11;s:1:\"6\";}', 1, '0.9619'),
(172, '2023-01-25 19:02:37', 'a:4:{i:1;s:6:\"0.9619\";i:2;s:6:\"0.7747\";i:3;s:6:\"0.6314\";i:4;s:6:\"0.2400\";}', 'a:11:{i:1;s:1:\"1\";i:2;s:1:\"1\";i:3;s:1:\"5\";i:4;s:1:\"6\";i:5;s:1:\"2\";i:6;s:1:\"5\";i:7;s:1:\"4\";i:8;s:1:\"6\";i:9;s:1:\"2\";i:10;s:1:\"4\";i:11;s:1:\"6\";}', 1, '0.9619'),
(173, '2023-01-25 19:03:07', 'a:4:{i:1;s:6:\"0.9619\";i:2;s:6:\"0.7747\";i:3;s:6:\"0.6314\";i:4;s:6:\"0.2400\";}', 'a:11:{i:1;s:1:\"1\";i:2;s:1:\"1\";i:3;s:1:\"5\";i:4;s:1:\"6\";i:5;s:1:\"2\";i:6;s:1:\"5\";i:7;s:1:\"4\";i:8;s:1:\"6\";i:9;s:1:\"2\";i:10;s:1:\"4\";i:11;s:1:\"6\";}', 1, '0.9619'),
(174, '2023-01-25 19:03:23', 'a:4:{i:1;s:6:\"0.9619\";i:2;s:6:\"0.7747\";i:3;s:6:\"0.6314\";i:4;s:6:\"0.2400\";}', 'a:11:{i:1;s:1:\"1\";i:2;s:1:\"1\";i:3;s:1:\"5\";i:4;s:1:\"6\";i:5;s:1:\"2\";i:6;s:1:\"5\";i:7;s:1:\"4\";i:8;s:1:\"6\";i:9;s:1:\"2\";i:10;s:1:\"4\";i:11;s:1:\"6\";}', 1, '0.9619'),
(175, '2023-01-26 08:03:12', 'a:2:{i:1;s:6:\"0.3600\";i:3;s:6:\"0.2400\";}', 'a:1:{i:1;s:1:\"4\";}', 1, '0.3600'),
(176, '2023-01-26 08:03:12', 'a:2:{i:1;s:6:\"0.3600\";i:3;s:6:\"0.2400\";}', 'a:1:{i:1;s:1:\"4\";}', 1, '0.3600'),
(177, '2023-01-26 08:15:35', 'a:1:{i:1;s:6:\"0.3600\";}', 'a:2:{i:1;s:1:\"1\";i:2;s:1:\"4\";}', 1, '0.3600'),
(178, '2023-01-26 08:16:59', 'a:1:{i:1;s:6:\"0.3600\";}', 'a:2:{i:1;s:1:\"1\";i:2;s:1:\"4\";}', 1, '0.3600'),
(179, '2023-01-26 08:17:01', 'a:1:{i:1;s:6:\"0.3600\";}', 'a:2:{i:1;s:1:\"1\";i:2;s:1:\"4\";}', 1, '0.3600'),
(180, '2023-01-26 08:17:02', 'a:1:{i:1;s:6:\"0.3600\";}', 'a:2:{i:1;s:1:\"1\";i:2;s:1:\"4\";}', 1, '0.3600'),
(181, '2023-01-26 08:17:02', 'a:1:{i:1;s:6:\"0.3600\";}', 'a:2:{i:1;s:1:\"1\";i:2;s:1:\"4\";}', 1, '0.3600'),
(182, '2023-01-26 08:17:02', 'a:1:{i:1;s:6:\"0.3600\";}', 'a:2:{i:1;s:1:\"1\";i:2;s:1:\"4\";}', 1, '0.3600'),
(183, '2023-01-26 08:17:02', 'a:1:{i:1;s:6:\"0.3600\";}', 'a:2:{i:1;s:1:\"1\";i:2;s:1:\"4\";}', 1, '0.3600'),
(184, '2023-01-26 08:17:03', 'a:1:{i:1;s:6:\"0.3600\";}', 'a:2:{i:1;s:1:\"1\";i:2;s:1:\"4\";}', 1, '0.3600'),
(185, '2023-01-26 08:17:05', 'a:1:{i:1;s:6:\"0.3600\";}', 'a:2:{i:1;s:1:\"1\";i:2;s:1:\"4\";}', 1, '0.3600'),
(186, '2023-01-26 08:17:22', 'a:1:{i:1;s:6:\"0.1200\";}', 'a:2:{i:1;s:1:\"1\";i:2;s:1:\"2\";}', 1, '0.1200'),
(187, '2023-01-26 08:19:19', 'a:1:{i:1;s:6:\"0.1200\";}', 'a:2:{i:1;s:1:\"1\";i:2;s:1:\"2\";}', 1, '0.1200'),
(188, '2023-01-26 08:19:48', 'a:2:{i:1;s:6:\"0.5904\";i:3;s:6:\"0.2400\";}', 'a:3:{i:1;s:1:\"4\";i:2;s:1:\"1\";i:3;s:1:\"4\";}', 1, '0.5904'),
(189, '2023-01-26 08:20:21', 'a:2:{i:1;s:6:\"0.5904\";i:3;s:6:\"0.2400\";}', 'a:3:{i:1;s:1:\"4\";i:2;s:1:\"1\";i:3;s:1:\"4\";}', 1, '0.5904'),
(190, '2023-01-26 08:20:41', 'a:2:{i:1;s:6:\"0.5904\";i:3;s:6:\"0.2400\";}', 'a:3:{i:1;s:1:\"4\";i:2;s:1:\"1\";i:3;s:1:\"4\";}', 1, '0.5904'),
(191, '2023-01-26 13:25:42', 'a:0:{}', 'a:1:{i:1;s:1:\"1\";}', 0, ''),
(192, '2023-01-26 13:25:57', 'a:2:{i:1;s:6:\"0.7296\";i:3;s:6:\"0.3200\";}', 'a:2:{i:1;s:1:\"5\";i:2;s:1:\"5\";}', 1, '0.7296'),
(193, '2023-01-26 13:27:34', 'a:2:{i:1;s:6:\"0.7296\";i:3;s:6:\"0.3200\";}', 'a:2:{i:1;s:1:\"5\";i:2;s:1:\"5\";}', 1, '0.7296'),
(194, '2023-01-26 13:27:40', 'a:2:{i:1;s:6:\"0.6672\";i:3;s:6:\"0.2400\";}', 'a:2:{i:1;s:1:\"4\";i:2;s:1:\"5\";}', 1, '0.6672'),
(195, '2023-01-26 13:37:47', 'a:2:{i:1;s:6:\"0.8594\";i:3;s:6:\"0.3200\";}', 'a:3:{i:1;s:1:\"5\";i:2;s:1:\"5\";i:3;s:1:\"5\";}', 1, '0.8594'),
(196, '2023-01-26 13:42:18', 'a:0:{}', 'a:0:{}', 0, ''),
(197, '2023-01-26 13:44:16', 'a:2:{i:1;s:6:\"0.6000\";i:3;s:6:\"0.4000\";}', 'a:1:{i:1;s:1:\"6\";}', 1, '0.6000'),
(198, '2023-01-26 14:02:16', 'a:2:{i:1;s:6:\"0.1200\";i:3;s:6:\"0.0800\";}', 'a:1:{i:1;s:1:\"2\";}', 1, '0.1200'),
(199, '2023-01-26 18:39:50', 'a:2:{i:1;s:6:\"0.7296\";i:3;s:6:\"0.3200\";}', 'a:2:{i:1;s:1:\"5\";i:2;s:1:\"5\";}', 1, '0.7296'),
(200, '2023-01-26 18:41:54', 'a:2:{i:1;s:6:\"0.7296\";i:3;s:6:\"0.3200\";}', 'a:2:{i:1;s:1:\"5\";i:2;s:1:\"5\";}', 1, '0.7296'),
(201, '2023-01-26 18:42:49', 'a:0:{}', 'a:1:{i:2;s:1:\"1\";}', 0, ''),
(202, '2023-01-26 20:08:42', 'a:2:{i:1;s:6:\"0.2400\";i:3;s:6:\"0.1600\";}', 'a:1:{i:1;s:1:\"3\";}', 1, '0.2400'),
(203, '2023-01-26 20:08:46', 'a:0:{}', 'a:0:{}', 0, ''),
(204, '2023-01-26 20:52:48', 'a:2:{i:1;s:6:\"0.6672\";i:3;s:6:\"0.2400\";}', 'a:2:{i:1;s:1:\"4\";i:2;s:1:\"5\";}', 1, '0.6672'),
(205, '2023-01-26 20:54:39', 'a:2:{i:1;s:6:\"0.4800\";i:3;s:6:\"0.3200\";}', 'a:1:{i:1;s:1:\"5\";}', 1, '0.4800'),
(206, '2023-01-26 21:35:42', 'a:1:{i:4;s:6:\"0.2608\";}', 'a:2:{i:14;s:1:\"4\";i:17;s:1:\"3\";}', 4, '0.2608'),
(207, '2023-01-26 22:05:14', 'a:1:{i:4;s:6:\"0.2608\";}', 'a:2:{i:14;s:1:\"4\";i:17;s:1:\"3\";}', 4, '0.2608'),
(208, '2023-01-26 22:25:03', 'a:2:{i:1;s:6:\"0.9438\";i:3;s:6:\"0.4000\";}', 'a:5:{i:1;s:1:\"6\";i:2;s:1:\"5\";i:3;s:1:\"5\";i:4;s:1:\"5\";i:5;s:1:\"1\";}', 1, '0.9438'),
(209, '2023-01-26 22:38:37', 'a:0:{}', 'a:0:{}', 0, ''),
(210, '2023-01-26 22:38:47', 'a:2:{i:1;s:6:\"0.4800\";i:3;s:6:\"0.3200\";}', 'a:1:{i:1;s:1:\"5\";}', 1, '0.4800'),
(211, '2023-01-26 22:47:50', 'a:2:{i:1;s:6:\"0.9308\";i:3;s:6:\"0.3200\";}', 'a:4:{i:1;s:1:\"5\";i:2;s:1:\"6\";i:3;s:1:\"4\";i:4;s:1:\"5\";}', 1, '0.9308'),
(212, '2023-01-26 22:52:48', 'a:2:{i:1;s:6:\"0.9308\";i:3;s:6:\"0.3200\";}', 'a:4:{i:1;s:1:\"5\";i:2;s:1:\"6\";i:3;s:1:\"4\";i:4;s:1:\"5\";}', 1, '0.9308'),
(213, '2023-01-26 22:54:56', 'a:2:{i:1;s:6:\"0.9308\";i:3;s:6:\"0.3200\";}', 'a:4:{i:1;s:1:\"5\";i:2;s:1:\"6\";i:3;s:1:\"4\";i:4;s:1:\"5\";}', 1, '0.9308'),
(214, '2023-01-26 22:56:46', 'a:2:{i:1;s:6:\"0.9308\";i:3;s:6:\"0.3200\";}', 'a:4:{i:1;s:1:\"5\";i:2;s:1:\"6\";i:3;s:1:\"4\";i:4;s:1:\"5\";}', 1, '0.9308'),
(215, '2023-01-26 23:10:57', 'a:2:{i:1;s:6:\"0.9308\";i:3;s:6:\"0.3200\";}', 'a:4:{i:1;s:1:\"5\";i:2;s:1:\"6\";i:3;s:1:\"4\";i:4;s:1:\"5\";}', 1, '0.9308'),
(216, '2023-01-26 23:24:09', 'a:2:{i:1;s:6:\"0.9308\";i:3;s:6:\"0.3200\";}', 'a:4:{i:1;s:1:\"5\";i:2;s:1:\"6\";i:3;s:1:\"4\";i:4;s:1:\"5\";}', 1, '0.9308'),
(217, '2023-01-26 23:24:56', 'a:4:{i:1;s:6:\"0.8800\";i:2;s:6:\"0.6480\";i:3;s:6:\"0.1904\";i:4;s:6:\"0.0800\";}', 'a:7:{i:1;s:1:\"2\";i:2;s:1:\"5\";i:3;s:1:\"4\";i:4;s:1:\"4\";i:5;s:1:\"4\";i:7;s:1:\"2\";i:8;s:1:\"6\";}', 1, '0.8800'),
(218, '2023-01-26 23:25:39', 'a:5:{i:1;s:6:\"0.8247\";i:3;s:6:\"0.5599\";i:2;s:6:\"0.4224\";i:4;s:6:\"0.2944\";i:5;s:6:\"0.2400\";}', 'a:11:{i:1;s:1:\"2\";i:2;s:1:\"4\";i:3;s:1:\"4\";i:4;s:1:\"4\";i:5;s:1:\"3\";i:7;s:1:\"3\";i:8;s:1:\"3\";i:10;s:1:\"5\";i:15;s:1:\"3\";i:16;s:1:\"1\";i:20;s:1:\"3\";}', 1, '0.8247'),
(219, '2023-01-26 23:25:49', 'a:5:{i:1;s:6:\"0.8247\";i:5;s:6:\"0.6960\";i:2;s:6:\"0.5610\";i:3;s:6:\"0.5599\";i:4;s:6:\"0.3508\";}', 'a:13:{i:1;s:1:\"2\";i:2;s:1:\"4\";i:3;s:1:\"4\";i:4;s:1:\"4\";i:5;s:1:\"3\";i:7;s:1:\"3\";i:8;s:1:\"3\";i:10;s:1:\"5\";i:13;s:1:\"5\";i:15;s:1:\"3\";i:16;s:1:\"3\";i:19;s:1:\"6\";i:20;s:1:\"3\";}', 1, '0.8247'),
(220, '2023-01-26 23:26:03', 'a:3:{i:5;s:6:\"0.7440\";i:3;s:6:\"0.4819\";i:1;s:6:\"0.1200\";}', 'a:5:{i:10;s:1:\"4\";i:11;s:1:\"2\";i:12;s:1:\"4\";i:15;s:1:\"1\";i:18;s:1:\"6\";}', 5, '0.7440'),
(221, '2023-01-27 01:56:19', 'a:4:{i:1;s:6:\"0.8576\";i:2;s:6:\"0.6000\";i:4;s:6:\"0.4000\";i:3;s:6:\"0.1200\";}', 'a:7:{i:1;s:1:\"1\";i:2;s:1:\"4\";i:3;s:1:\"2\";i:4;s:1:\"3\";i:5;s:1:\"4\";i:6;s:1:\"5\";i:7;s:1:\"6\";}', 1, '0.8576'),
(222, '2023-01-27 01:57:29', 'a:2:{i:1;s:6:\"0.9269\";i:3;s:6:\"0.3200\";}', 'a:4:{i:1;s:1:\"5\";i:2;s:1:\"5\";i:3;s:1:\"5\";i:4;s:1:\"5\";}', 1, '0.9269'),
(223, '2023-01-27 02:00:18', 'a:2:{i:1;s:6:\"0.9269\";i:3;s:6:\"0.3200\";}', 'a:4:{i:1;s:1:\"5\";i:2;s:1:\"5\";i:3;s:1:\"5\";i:4;s:1:\"5\";}', 1, '0.9269'),
(224, '2023-01-27 02:00:46', 'a:2:{i:1;s:6:\"0.9269\";i:3;s:6:\"0.3200\";}', 'a:4:{i:1;s:1:\"5\";i:2;s:1:\"5\";i:3;s:1:\"5\";i:4;s:1:\"5\";}', 1, '0.9269'),
(225, '2023-01-27 02:01:15', 'a:2:{i:1;s:6:\"0.9269\";i:3;s:6:\"0.3200\";}', 'a:4:{i:1;s:1:\"5\";i:2;s:1:\"5\";i:3;s:1:\"5\";i:4;s:1:\"5\";}', 1, '0.9269'),
(226, '2023-01-27 02:01:51', 'a:2:{i:1;s:6:\"0.9269\";i:3;s:6:\"0.3200\";}', 'a:4:{i:1;s:1:\"5\";i:2;s:1:\"5\";i:3;s:1:\"5\";i:4;s:1:\"5\";}', 1, '0.9269'),
(227, '2023-01-27 02:01:59', 'a:2:{i:1;s:6:\"0.9269\";i:3;s:6:\"0.3200\";}', 'a:4:{i:1;s:1:\"5\";i:2;s:1:\"5\";i:3;s:1:\"5\";i:4;s:1:\"5\";}', 1, '0.9269'),
(228, '2023-01-27 02:02:13', 'a:2:{i:1;s:6:\"0.9269\";i:3;s:6:\"0.3200\";}', 'a:4:{i:1;s:1:\"5\";i:2;s:1:\"5\";i:3;s:1:\"5\";i:4;s:1:\"5\";}', 1, '0.9269'),
(229, '2023-01-27 02:02:19', 'a:2:{i:1;s:6:\"0.9269\";i:3;s:6:\"0.3200\";}', 'a:4:{i:1;s:1:\"5\";i:2;s:1:\"5\";i:3;s:1:\"5\";i:4;s:1:\"5\";}', 1, '0.9269'),
(230, '2023-01-27 02:02:25', 'a:2:{i:1;s:6:\"0.9269\";i:3;s:6:\"0.3200\";}', 'a:4:{i:1;s:1:\"5\";i:2;s:1:\"5\";i:3;s:1:\"5\";i:4;s:1:\"5\";}', 1, '0.9269'),
(231, '2023-01-27 02:02:51', 'a:2:{i:1;s:6:\"0.9269\";i:3;s:6:\"0.3200\";}', 'a:4:{i:1;s:1:\"5\";i:2;s:1:\"5\";i:3;s:1:\"5\";i:4;s:1:\"5\";}', 1, '0.9269'),
(232, '2023-01-27 02:03:28', 'a:2:{i:1;s:6:\"0.9269\";i:3;s:6:\"0.3200\";}', 'a:4:{i:1;s:1:\"5\";i:2;s:1:\"5\";i:3;s:1:\"5\";i:4;s:1:\"5\";}', 1, '0.9269'),
(233, '2023-01-27 02:04:12', 'a:2:{i:1;s:6:\"0.9269\";i:3;s:6:\"0.3200\";}', 'a:4:{i:1;s:1:\"5\";i:2;s:1:\"5\";i:3;s:1:\"5\";i:4;s:1:\"5\";}', 1, '0.9269'),
(234, '2023-01-27 02:04:41', 'a:2:{i:1;s:6:\"0.9269\";i:3;s:6:\"0.3200\";}', 'a:4:{i:1;s:1:\"5\";i:2;s:1:\"5\";i:3;s:1:\"5\";i:4;s:1:\"5\";}', 1, '0.9269'),
(235, '2023-01-27 02:05:20', 'a:2:{i:1;s:6:\"0.9269\";i:3;s:6:\"0.3200\";}', 'a:4:{i:1;s:1:\"5\";i:2;s:1:\"5\";i:3;s:1:\"5\";i:4;s:1:\"5\";}', 1, '0.9269'),
(236, '2023-01-27 02:05:26', 'a:2:{i:1;s:6:\"0.9269\";i:3;s:6:\"0.3200\";}', 'a:4:{i:1;s:1:\"5\";i:2;s:1:\"5\";i:3;s:1:\"5\";i:4;s:1:\"5\";}', 1, '0.9269'),
(237, '2023-01-27 02:06:07', 'a:2:{i:1;s:6:\"0.9269\";i:3;s:6:\"0.3200\";}', 'a:4:{i:1;s:1:\"5\";i:2;s:1:\"5\";i:3;s:1:\"5\";i:4;s:1:\"5\";}', 1, '0.9269'),
(238, '2023-01-27 02:06:27', 'a:2:{i:1;s:6:\"0.9269\";i:3;s:6:\"0.3200\";}', 'a:4:{i:1;s:1:\"5\";i:2;s:1:\"5\";i:3;s:1:\"5\";i:4;s:1:\"5\";}', 1, '0.9269'),
(239, '2023-01-27 02:06:51', 'a:2:{i:1;s:6:\"0.9269\";i:3;s:6:\"0.3200\";}', 'a:4:{i:1;s:1:\"5\";i:2;s:1:\"5\";i:3;s:1:\"5\";i:4;s:1:\"5\";}', 1, '0.9269'),
(240, '2023-01-27 02:07:37', 'a:2:{i:1;s:6:\"0.9269\";i:3;s:6:\"0.3200\";}', 'a:4:{i:1;s:1:\"5\";i:2;s:1:\"5\";i:3;s:1:\"5\";i:4;s:1:\"5\";}', 1, '0.9269'),
(241, '2023-01-27 02:07:50', 'a:2:{i:1;s:6:\"0.9269\";i:3;s:6:\"0.3200\";}', 'a:4:{i:1;s:1:\"5\";i:2;s:1:\"5\";i:3;s:1:\"5\";i:4;s:1:\"5\";}', 1, '0.9269'),
(242, '2023-01-27 02:07:58', 'a:2:{i:1;s:6:\"0.9269\";i:3;s:6:\"0.3200\";}', 'a:4:{i:1;s:1:\"5\";i:2;s:1:\"5\";i:3;s:1:\"5\";i:4;s:1:\"5\";}', 1, '0.9269'),
(243, '2023-01-27 02:08:25', 'a:2:{i:1;s:6:\"0.9269\";i:3;s:6:\"0.3200\";}', 'a:4:{i:1;s:1:\"5\";i:2;s:1:\"5\";i:3;s:1:\"5\";i:4;s:1:\"5\";}', 1, '0.9269'),
(244, '2023-01-27 02:08:36', 'a:2:{i:1;s:6:\"0.9269\";i:3;s:6:\"0.3200\";}', 'a:4:{i:1;s:1:\"5\";i:2;s:1:\"5\";i:3;s:1:\"5\";i:4;s:1:\"5\";}', 1, '0.9269'),
(245, '2023-01-27 02:09:32', 'a:2:{i:1;s:6:\"0.9269\";i:3;s:6:\"0.3200\";}', 'a:4:{i:1;s:1:\"5\";i:2;s:1:\"5\";i:3;s:1:\"5\";i:4;s:1:\"5\";}', 1, '0.9269'),
(246, '2023-01-27 02:09:42', 'a:2:{i:1;s:6:\"0.9269\";i:3;s:6:\"0.3200\";}', 'a:4:{i:1;s:1:\"5\";i:2;s:1:\"5\";i:3;s:1:\"5\";i:4;s:1:\"5\";}', 1, '0.9269'),
(247, '2023-01-27 02:09:55', 'a:2:{i:1;s:6:\"0.9269\";i:3;s:6:\"0.3200\";}', 'a:4:{i:1;s:1:\"5\";i:2;s:1:\"5\";i:3;s:1:\"5\";i:4;s:1:\"5\";}', 1, '0.9269'),
(248, '2023-01-27 02:10:03', 'a:2:{i:1;s:6:\"0.9269\";i:3;s:6:\"0.3200\";}', 'a:4:{i:1;s:1:\"5\";i:2;s:1:\"5\";i:3;s:1:\"5\";i:4;s:1:\"5\";}', 1, '0.9269'),
(249, '2023-01-27 02:10:17', 'a:2:{i:1;s:6:\"0.9269\";i:3;s:6:\"0.3200\";}', 'a:4:{i:1;s:1:\"5\";i:2;s:1:\"5\";i:3;s:1:\"5\";i:4;s:1:\"5\";}', 1, '0.9269'),
(250, '2023-01-27 02:10:34', 'a:2:{i:1;s:6:\"0.9269\";i:3;s:6:\"0.3200\";}', 'a:4:{i:1;s:1:\"5\";i:2;s:1:\"5\";i:3;s:1:\"5\";i:4;s:1:\"5\";}', 1, '0.9269'),
(251, '2023-01-27 02:10:46', 'a:2:{i:1;s:6:\"0.9269\";i:3;s:6:\"0.3200\";}', 'a:4:{i:1;s:1:\"5\";i:2;s:1:\"5\";i:3;s:1:\"5\";i:4;s:1:\"5\";}', 1, '0.9269'),
(252, '2023-01-27 02:11:05', 'a:2:{i:1;s:6:\"0.9775\";i:3;s:6:\"0.4960\";}', 'a:5:{i:1;s:1:\"6\";i:2;s:1:\"5\";i:3;s:1:\"6\";i:4;s:1:\"5\";i:5;s:1:\"5\";}', 1, '0.9775'),
(253, '2023-01-27 02:13:50', 'a:2:{i:1;s:6:\"0.9775\";i:3;s:6:\"0.4960\";}', 'a:5:{i:1;s:1:\"6\";i:2;s:1:\"5\";i:3;s:1:\"6\";i:4;s:1:\"5\";i:5;s:1:\"5\";}', 1, '0.9775'),
(254, '2023-01-27 02:16:13', 'a:2:{i:1;s:6:\"0.9775\";i:3;s:6:\"0.4960\";}', 'a:5:{i:1;s:1:\"6\";i:2;s:1:\"5\";i:3;s:1:\"6\";i:4;s:1:\"5\";i:5;s:1:\"5\";}', 1, '0.9775'),
(255, '2023-01-27 02:17:15', 'a:2:{i:1;s:6:\"0.9775\";i:3;s:6:\"0.4960\";}', 'a:5:{i:1;s:1:\"6\";i:2;s:1:\"5\";i:3;s:1:\"6\";i:4;s:1:\"5\";i:5;s:1:\"5\";}', 1, '0.9775'),
(256, '2023-01-27 02:18:10', 'a:2:{i:1;s:6:\"0.9775\";i:3;s:6:\"0.4960\";}', 'a:5:{i:1;s:1:\"6\";i:2;s:1:\"5\";i:3;s:1:\"6\";i:4;s:1:\"5\";i:5;s:1:\"5\";}', 1, '0.9775'),
(257, '2023-01-27 02:18:22', 'a:2:{i:1;s:6:\"0.9775\";i:3;s:6:\"0.4960\";}', 'a:5:{i:1;s:1:\"6\";i:2;s:1:\"5\";i:3;s:1:\"6\";i:4;s:1:\"5\";i:5;s:1:\"5\";}', 1, '0.9775'),
(258, '2023-01-27 02:18:44', 'a:2:{i:1;s:6:\"0.9775\";i:3;s:6:\"0.4960\";}', 'a:5:{i:1;s:1:\"6\";i:2;s:1:\"5\";i:3;s:1:\"6\";i:4;s:1:\"5\";i:5;s:1:\"5\";}', 1, '0.9775'),
(259, '2023-01-27 02:19:08', 'a:2:{i:1;s:6:\"0.9775\";i:3;s:6:\"0.4960\";}', 'a:5:{i:1;s:1:\"6\";i:2;s:1:\"5\";i:3;s:1:\"6\";i:4;s:1:\"5\";i:5;s:1:\"5\";}', 1, '0.9775'),
(260, '2023-01-27 02:19:57', 'a:2:{i:1;s:6:\"0.9775\";i:3;s:6:\"0.4960\";}', 'a:5:{i:1;s:1:\"6\";i:2;s:1:\"5\";i:3;s:1:\"6\";i:4;s:1:\"5\";i:5;s:1:\"5\";}', 1, '0.9775'),
(261, '2023-01-27 02:21:13', 'a:2:{i:1;s:6:\"0.9775\";i:3;s:6:\"0.4960\";}', 'a:5:{i:1;s:1:\"6\";i:2;s:1:\"5\";i:3;s:1:\"6\";i:4;s:1:\"5\";i:5;s:1:\"5\";}', 1, '0.9775'),
(262, '2023-01-27 02:21:22', 'a:2:{i:1;s:6:\"0.9775\";i:3;s:6:\"0.4960\";}', 'a:5:{i:1;s:1:\"6\";i:2;s:1:\"5\";i:3;s:1:\"6\";i:4;s:1:\"5\";i:5;s:1:\"5\";}', 1, '0.9775'),
(263, '2023-01-27 02:21:45', 'a:0:{}', 'a:0:{}', 0, ''),
(264, '2023-01-27 02:21:56', 'a:2:{i:1;s:6:\"0.8594\";i:3;s:6:\"0.3200\";}', 'a:3:{i:1;s:1:\"5\";i:2;s:1:\"5\";i:3;s:1:\"5\";}', 1, '0.8594'),
(265, '2023-01-27 02:22:45', 'a:2:{i:1;s:6:\"0.8594\";i:3;s:6:\"0.3200\";}', 'a:3:{i:1;s:1:\"5\";i:2;s:1:\"5\";i:3;s:1:\"5\";}', 1, '0.8594'),
(266, '2023-01-27 02:24:51', 'a:0:{}', 'a:0:{}', 0, ''),
(267, '2023-01-27 02:28:20', 'a:1:{i:1;s:6:\"0.1200\";}', 'a:2:{i:1;s:1:\"1\";i:2;s:1:\"2\";}', 1, '0.1200'),
(268, '2023-01-27 02:29:08', 'a:2:{i:5;s:6:\"0.4800\";i:4;s:6:\"0.3200\";}', 'a:4:{i:15;s:1:\"5\";i:16;s:1:\"1\";i:17;s:1:\"1\";i:18;s:1:\"5\";}', 5, '0.4800'),
(269, '2023-01-27 02:32:19', 'a:2:{i:5;s:6:\"0.4800\";i:4;s:6:\"0.3200\";}', 'a:4:{i:15;s:1:\"5\";i:16;s:1:\"1\";i:17;s:1:\"1\";i:18;s:1:\"5\";}', 5, '0.4800'),
(270, '2023-01-27 02:35:50', 'a:2:{i:5;s:6:\"0.4800\";i:4;s:6:\"0.3200\";}', 'a:4:{i:15;s:1:\"5\";i:16;s:1:\"1\";i:17;s:1:\"1\";i:18;s:1:\"5\";}', 5, '0.4800'),
(271, '2023-01-27 02:38:11', 'a:2:{i:5;s:6:\"0.4800\";i:4;s:6:\"0.3200\";}', 'a:4:{i:15;s:1:\"5\";i:16;s:1:\"1\";i:17;s:1:\"1\";i:18;s:1:\"5\";}', 5, '0.4800'),
(272, '2023-01-27 02:38:51', 'a:2:{i:1;s:6:\"0.9620\";i:3;s:6:\"0.4288\";}', 'a:5:{i:1;s:1:\"5\";i:2;s:1:\"5\";i:3;s:1:\"5\";i:4;s:1:\"5\";i:5;s:1:\"5\";}', 1, '0.9620'),
(273, '2023-01-27 02:39:12', 'a:3:{i:2;s:6:\"0.8269\";i:3;s:6:\"0.3600\";i:4;s:6:\"0.3200\";}', 'a:4:{i:7;s:1:\"5\";i:8;s:1:\"5\";i:9;s:1:\"4\";i:10;s:1:\"4\";}', 2, '0.8269'),
(274, '2023-01-27 02:39:39', 'a:3:{i:1;s:6:\"0.7379\";i:3;s:6:\"0.7267\";i:5;s:6:\"0.4800\";}', 'a:5:{i:1;s:1:\"4\";i:5;s:1:\"4\";i:10;s:1:\"4\";i:11;s:1:\"4\";i:12;s:1:\"5\";}', 1, '0.7379'),
(275, '2023-01-27 02:40:16', 'a:3:{i:3;s:6:\"0.7674\";i:1;s:6:\"0.7379\";i:5;s:6:\"0.3600\";}', 'a:5:{i:1;s:1:\"4\";i:5;s:1:\"4\";i:10;s:1:\"5\";i:11;s:1:\"4\";i:12;s:1:\"4\";}', 3, '0.7674'),
(276, '2023-01-27 02:40:47', 'a:2:{i:4;s:6:\"0.6285\";i:2;s:6:\"0.5136\";}', 'a:5:{i:7;s:1:\"4\";i:14;s:1:\"3\";i:15;s:1:\"4\";i:16;s:1:\"3\";i:17;s:1:\"4\";}', 4, '0.6285'),
(277, '2023-01-27 02:41:05', 'a:4:{i:5;s:6:\"0.9269\";i:4;s:6:\"0.6285\";i:2;s:6:\"0.5136\";i:3;s:6:\"0.1600\";}', 'a:9:{i:7;s:1:\"4\";i:12;s:1:\"5\";i:14;s:1:\"3\";i:15;s:1:\"4\";i:16;s:1:\"3\";i:17;s:1:\"4\";i:18;s:1:\"5\";i:19;s:1:\"5\";i:20;s:1:\"5\";}', 5, '0.9269'),
(278, '2023-01-27 02:41:28', 'a:0:{}', 'a:0:{}', 0, ''),
(279, '2023-01-27 02:41:31', 'a:0:{}', 'a:0:{}', 0, ''),
(280, '2023-01-27 02:41:35', 'a:2:{i:1;s:6:\"0.4800\";i:3;s:6:\"0.3200\";}', 'a:1:{i:1;s:1:\"5\";}', 1, '0.4800'),
(281, '2023-01-27 02:42:29', 'a:2:{i:1;s:6:\"0.4800\";i:3;s:6:\"0.3200\";}', 'a:1:{i:1;s:1:\"5\";}', 1, '0.4800'),
(282, '2023-01-27 02:43:17', 'a:2:{i:5;s:6:\"0.3600\";i:3;s:6:\"0.1200\";}', 'a:1:{i:12;s:1:\"4\";}', 5, '0.3600'),
(283, '2023-01-27 02:47:27', 'a:0:{}', 'a:0:{}', 0, ''),
(284, '2023-01-27 02:50:25', 'a:0:{}', 'a:0:{}', 0, ''),
(285, '2023-01-27 02:51:44', 'a:0:{}', 'a:0:{}', 0, ''),
(286, '2023-01-27 02:51:48', 'a:0:{}', 'a:0:{}', 0, ''),
(287, '2023-01-27 02:52:24', 'a:0:{}', 'a:0:{}', 0, ''),
(288, '2023-01-27 02:53:06', 'a:2:{i:1;s:6:\"0.4800\";i:3;s:6:\"0.3200\";}', 'a:1:{i:1;s:1:\"5\";}', 1, '0.4800');
INSERT INTO `hasil` (`id_hasil`, `tanggal`, `tipewajah`, `gejala`, `hasil_id`, `hasil_nilai`) VALUES
(289, '2023-01-27 02:53:09', 'a:2:{i:1;s:6:\"0.4800\";i:3;s:6:\"0.3200\";}', 'a:1:{i:1;s:1:\"5\";}', 1, '0.4800'),
(290, '2023-01-27 02:53:13', 'a:0:{}', 'a:0:{}', 0, ''),
(291, '2023-01-27 02:55:02', 'a:0:{}', 'a:0:{}', 0, ''),
(292, '2023-01-27 02:55:03', 'a:0:{}', 'a:0:{}', 0, ''),
(293, '2023-01-27 02:55:03', 'a:0:{}', 'a:0:{}', 0, ''),
(294, '2023-01-27 02:55:06', 'a:0:{}', 'a:0:{}', 0, ''),
(295, '2023-01-27 02:59:59', 'a:0:{}', 'a:0:{}', 0, ''),
(296, '2023-01-27 03:02:03', 'a:0:{}', 'a:0:{}', 0, ''),
(297, '2023-01-27 03:02:41', 'a:2:{i:1;s:6:\"0.4800\";i:3;s:6:\"0.3200\";}', 'a:1:{i:1;s:1:\"5\";}', 1, '0.4800'),
(298, '2023-01-27 03:03:00', 'a:2:{i:1;s:6:\"0.4800\";i:3;s:6:\"0.3200\";}', 'a:1:{i:1;s:1:\"5\";}', 1, '0.4800'),
(299, '2023-01-27 03:03:04', 'a:2:{i:1;s:6:\"0.4800\";i:3;s:6:\"0.3200\";}', 'a:1:{i:1;s:1:\"5\";}', 1, '0.4800'),
(300, '2023-01-27 03:03:23', 'a:2:{i:1;s:6:\"0.4800\";i:3;s:6:\"0.3200\";}', 'a:1:{i:1;s:1:\"5\";}', 1, '0.4800'),
(301, '2023-01-27 03:04:02', 'a:2:{i:1;s:6:\"0.4800\";i:3;s:6:\"0.3200\";}', 'a:1:{i:1;s:1:\"5\";}', 1, '0.4800'),
(302, '2023-01-27 03:04:15', 'a:2:{i:1;s:6:\"0.4800\";i:3;s:6:\"0.3200\";}', 'a:1:{i:1;s:1:\"5\";}', 1, '0.4800'),
(303, '2023-01-27 03:04:18', 'a:2:{i:1;s:6:\"0.4800\";i:3;s:6:\"0.3200\";}', 'a:1:{i:1;s:1:\"5\";}', 1, '0.4800'),
(304, '2023-01-27 03:04:29', 'a:2:{i:1;s:6:\"0.4800\";i:3;s:6:\"0.3200\";}', 'a:1:{i:1;s:1:\"5\";}', 1, '0.4800'),
(305, '2023-01-27 03:04:53', 'a:2:{i:1;s:6:\"0.7296\";i:3;s:6:\"0.3200\";}', 'a:2:{i:1;s:1:\"5\";i:2;s:1:\"5\";}', 1, '0.7296'),
(306, '2023-01-27 03:09:23', 'a:0:{}', 'a:0:{}', 0, ''),
(307, '2023-01-27 03:11:54', 'a:2:{i:1;s:6:\"0.7296\";i:3;s:6:\"0.3200\";}', 'a:2:{i:1;s:1:\"5\";i:2;s:1:\"5\";}', 1, '0.7296'),
(308, '2023-01-27 03:12:06', 'a:2:{i:1;s:6:\"0.7296\";i:3;s:6:\"0.3200\";}', 'a:2:{i:1;s:1:\"5\";i:2;s:1:\"5\";}', 1, '0.7296'),
(309, '2023-01-27 03:12:56', 'a:0:{}', 'a:0:{}', 0, ''),
(310, '2023-01-27 03:26:55', 'a:2:{i:1;s:6:\"0.9060\";i:3;s:6:\"0.3744\";}', 'a:5:{i:1;s:1:\"5\";i:2;s:1:\"5\";i:3;s:1:\"2\";i:4;s:1:\"5\";i:5;s:1:\"3\";}', 1, '0.9060'),
(311, '2023-01-27 03:56:06', 'a:1:{i:1;s:6:\"0.8594\";}', 'a:4:{i:1;s:1:\"1\";i:2;s:1:\"5\";i:3;s:1:\"5\";i:4;s:1:\"5\";}', 1, '0.8594'),
(312, '2023-01-27 03:56:19', 'a:2:{i:1;s:6:\"0.8931\";i:3;s:6:\"0.1600\";}', 'a:4:{i:1;s:1:\"3\";i:2;s:1:\"5\";i:3;s:1:\"5\";i:4;s:1:\"5\";}', 1, '0.8931'),
(313, '2023-01-27 03:56:23', 'a:2:{i:1;s:6:\"0.8931\";i:3;s:6:\"0.1600\";}', 'a:4:{i:1;s:1:\"3\";i:2;s:1:\"5\";i:3;s:1:\"5\";i:4;s:1:\"5\";}', 1, '0.8931'),
(314, '2023-01-27 04:09:06', 'a:2:{i:1;s:6:\"0.9897\";i:3;s:6:\"0.6116\";}', 'a:7:{i:1;s:1:\"5\";i:2;s:1:\"5\";i:3;s:1:\"5\";i:4;s:1:\"5\";i:5;s:1:\"5\";i:6;s:1:\"5\";i:11;s:1:\"5\";}', 1, '0.9897'),
(315, '2023-01-27 04:19:05', 'a:2:{i:1;s:6:\"0.9825\";i:3;s:6:\"0.5659\";}', 'a:7:{i:1;s:1:\"4\";i:2;s:1:\"3\";i:3;s:1:\"5\";i:4;s:1:\"6\";i:5;s:1:\"5\";i:6;s:1:\"4\";i:11;s:1:\"5\";}', 1, '0.9825'),
(316, '2023-01-27 04:56:16', 'a:0:{}', 'a:0:{}', 0, ''),
(317, '2023-01-27 04:56:28', 'a:0:{}', 'a:2:{i:11;s:1:\"1\";i:13;s:1:\"5\";}', 0, ''),
(318, '2023-01-27 04:56:41', 'a:3:{i:5;s:6:\"0.3600\";i:3;s:6:\"0.1904\";i:1;s:6:\"0.1200\";}', 'a:3:{i:11;s:1:\"2\";i:12;s:1:\"4\";i:13;s:1:\"4\";}', 5, '0.3600'),
(319, '2023-01-27 04:56:46', 'a:5:{i:2;s:6:\"0.3600\";i:5;s:6:\"0.3600\";i:4;s:6:\"0.2400\";i:3;s:6:\"0.1904\";i:1;s:6:\"0.1200\";}', 'a:4:{i:7;s:1:\"4\";i:11;s:1:\"2\";i:12;s:1:\"4\";i:13;s:1:\"4\";}', 2, '0.3600'),
(320, '2023-01-27 04:57:01', 'a:1:{i:5;s:6:\"0.8269\";}', 'a:3:{i:18;s:1:\"5\";i:19;s:1:\"5\";i:20;s:1:\"4\";}', 5, '0.8269'),
(321, '2023-01-27 04:57:54', 'a:1:{i:5;s:6:\"0.8269\";}', 'a:3:{i:18;s:1:\"5\";i:19;s:1:\"5\";i:20;s:1:\"4\";}', 5, '0.8269'),
(322, '2023-01-27 04:58:32', 'a:1:{i:5;s:6:\"0.8269\";}', 'a:3:{i:18;s:1:\"5\";i:19;s:1:\"5\";i:20;s:1:\"4\";}', 5, '0.8269'),
(323, '2023-01-27 04:59:00', 'a:1:{i:5;s:6:\"0.8269\";}', 'a:3:{i:18;s:1:\"5\";i:19;s:1:\"5\";i:20;s:1:\"4\";}', 5, '0.8269'),
(324, '2023-01-27 04:59:19', 'a:1:{i:5;s:6:\"0.8269\";}', 'a:3:{i:18;s:1:\"5\";i:19;s:1:\"5\";i:20;s:1:\"4\";}', 5, '0.8269'),
(325, '2023-01-27 04:59:39', 'a:1:{i:5;s:6:\"0.8269\";}', 'a:3:{i:18;s:1:\"5\";i:19;s:1:\"5\";i:20;s:1:\"4\";}', 5, '0.8269'),
(326, '2023-01-27 04:59:55', 'a:1:{i:5;s:6:\"0.8269\";}', 'a:3:{i:18;s:1:\"5\";i:19;s:1:\"5\";i:20;s:1:\"4\";}', 5, '0.8269'),
(327, '2023-01-27 05:00:02', 'a:1:{i:5;s:6:\"0.8269\";}', 'a:3:{i:18;s:1:\"5\";i:19;s:1:\"5\";i:20;s:1:\"4\";}', 5, '0.8269'),
(328, '2023-01-27 05:00:04', 'a:1:{i:5;s:6:\"0.8269\";}', 'a:3:{i:18;s:1:\"5\";i:19;s:1:\"5\";i:20;s:1:\"4\";}', 5, '0.8269'),
(329, '2023-01-27 05:00:43', 'a:1:{i:5;s:6:\"0.8269\";}', 'a:3:{i:18;s:1:\"5\";i:19;s:1:\"5\";i:20;s:1:\"4\";}', 5, '0.8269'),
(330, '2023-01-27 05:01:21', 'a:1:{i:5;s:6:\"0.8269\";}', 'a:3:{i:18;s:1:\"5\";i:19;s:1:\"5\";i:20;s:1:\"4\";}', 5, '0.8269'),
(331, '2023-01-27 05:01:42', 'a:1:{i:5;s:6:\"0.8269\";}', 'a:3:{i:18;s:1:\"5\";i:19;s:1:\"5\";i:20;s:1:\"4\";}', 5, '0.8269'),
(332, '2023-01-27 05:01:58', 'a:1:{i:5;s:6:\"0.8269\";}', 'a:3:{i:18;s:1:\"5\";i:19;s:1:\"5\";i:20;s:1:\"4\";}', 5, '0.8269'),
(333, '2023-01-27 05:02:23', 'a:1:{i:5;s:6:\"0.8269\";}', 'a:3:{i:18;s:1:\"5\";i:19;s:1:\"5\";i:20;s:1:\"4\";}', 5, '0.8269'),
(334, '2023-01-27 05:02:31', 'a:1:{i:5;s:6:\"0.8269\";}', 'a:3:{i:18;s:1:\"5\";i:19;s:1:\"5\";i:20;s:1:\"4\";}', 5, '0.8269'),
(335, '2023-01-27 05:03:00', 'a:1:{i:5;s:6:\"0.8269\";}', 'a:3:{i:18;s:1:\"5\";i:19;s:1:\"5\";i:20;s:1:\"4\";}', 5, '0.8269'),
(336, '2023-01-27 05:03:24', 'a:1:{i:5;s:6:\"0.8269\";}', 'a:3:{i:18;s:1:\"5\";i:19;s:1:\"5\";i:20;s:1:\"4\";}', 5, '0.8269'),
(337, '2023-01-27 05:03:39', 'a:1:{i:5;s:6:\"0.8269\";}', 'a:3:{i:18;s:1:\"5\";i:19;s:1:\"5\";i:20;s:1:\"4\";}', 5, '0.8269'),
(338, '2023-01-27 05:05:39', 'a:1:{i:5;s:6:\"0.8269\";}', 'a:3:{i:18;s:1:\"5\";i:19;s:1:\"5\";i:20;s:1:\"4\";}', 5, '0.8269'),
(339, '2023-01-27 05:05:47', 'a:1:{i:5;s:6:\"0.8269\";}', 'a:3:{i:18;s:1:\"5\";i:19;s:1:\"5\";i:20;s:1:\"4\";}', 5, '0.8269'),
(340, '2023-01-27 05:06:10', 'a:1:{i:5;s:6:\"0.8269\";}', 'a:3:{i:18;s:1:\"5\";i:19;s:1:\"5\";i:20;s:1:\"4\";}', 5, '0.8269'),
(341, '2023-01-27 05:06:18', 'a:1:{i:5;s:6:\"0.8269\";}', 'a:3:{i:18;s:1:\"5\";i:19;s:1:\"5\";i:20;s:1:\"4\";}', 5, '0.8269'),
(342, '2023-01-27 05:06:24', 'a:1:{i:5;s:6:\"0.8269\";}', 'a:3:{i:18;s:1:\"5\";i:19;s:1:\"5\";i:20;s:1:\"4\";}', 5, '0.8269'),
(343, '2023-01-27 05:06:40', 'a:1:{i:5;s:6:\"0.8269\";}', 'a:3:{i:18;s:1:\"5\";i:19;s:1:\"5\";i:20;s:1:\"4\";}', 5, '0.8269'),
(344, '2023-01-27 05:09:54', 'a:1:{i:5;s:6:\"0.8269\";}', 'a:3:{i:18;s:1:\"5\";i:19;s:1:\"5\";i:20;s:1:\"4\";}', 5, '0.8269'),
(345, '2023-01-27 05:10:03', 'a:1:{i:5;s:6:\"0.8269\";}', 'a:3:{i:18;s:1:\"5\";i:19;s:1:\"5\";i:20;s:1:\"4\";}', 5, '0.8269'),
(346, '2023-01-27 05:11:02', 'a:1:{i:5;s:6:\"0.8269\";}', 'a:3:{i:18;s:1:\"5\";i:19;s:1:\"5\";i:20;s:1:\"4\";}', 5, '0.8269'),
(347, '2023-01-27 05:14:47', 'a:1:{i:5;s:6:\"0.8269\";}', 'a:3:{i:18;s:1:\"5\";i:19;s:1:\"5\";i:20;s:1:\"4\";}', 5, '0.8269'),
(348, '2023-01-27 05:15:18', 'a:1:{i:5;s:6:\"0.8269\";}', 'a:3:{i:18;s:1:\"5\";i:19;s:1:\"5\";i:20;s:1:\"4\";}', 5, '0.8269'),
(349, '2023-01-27 05:15:32', 'a:1:{i:5;s:6:\"0.8269\";}', 'a:3:{i:18;s:1:\"5\";i:19;s:1:\"5\";i:20;s:1:\"4\";}', 5, '0.8269'),
(350, '2023-01-27 05:15:42', 'a:2:{i:1;s:6:\"0.9269\";i:3;s:6:\"0.3200\";}', 'a:4:{i:1;s:1:\"5\";i:2;s:1:\"5\";i:3;s:1:\"5\";i:4;s:1:\"5\";}', 1, '0.9269'),
(351, '2023-01-27 05:30:04', 'a:2:{i:1;s:6:\"0.7296\";i:3;s:6:\"0.3200\";}', 'a:2:{i:1;s:1:\"5\";i:2;s:1:\"5\";}', 1, '0.7296'),
(352, '2023-01-27 05:30:54', 'a:2:{i:1;s:6:\"0.7296\";i:3;s:6:\"0.3200\";}', 'a:2:{i:1;s:1:\"5\";i:2;s:1:\"5\";}', 1, '0.7296'),
(353, '2023-01-27 05:31:52', 'a:2:{i:1;s:6:\"0.7296\";i:3;s:6:\"0.3200\";}', 'a:2:{i:1;s:1:\"5\";i:2;s:1:\"5\";}', 1, '0.7296'),
(354, '2023-01-27 05:32:06', 'a:1:{i:1;s:6:\"0.3600\";}', 'a:2:{i:1;s:1:\"1\";i:2;s:1:\"4\";}', 1, '0.3600');

-- --------------------------------------------------------

--
-- Table structure for table `kondisi`
--

CREATE TABLE `kondisi` (
  `id` int(10) NOT NULL,
  `kondisi` varchar(100) NOT NULL
) ENGINE=InnoDB DEFAULT CHARSET=utf8mb4;

--
-- Dumping data for table `kondisi`
--

INSERT INTO `kondisi` (`id`, `kondisi`) VALUES
(1, 'Tidak'),
(2, 'Tidak Yakin'),
(3, 'Kurang Yakin'),
(4, 'Cukup Yakin'),
(5, 'Yakin'),
(6, 'Sangat Yakin');

-- --------------------------------------------------------

--
-- Table structure for table `news`
--

CREATE TABLE `news` (
  `id_news` int(11) NOT NULL,
  `judul` varchar(1000) NOT NULL,
  `berita` varchar(1000) NOT NULL,
  `link` varchar(1000) NOT NULL,
  `gambar` varchar(500) NOT NULL
) ENGINE=InnoDB DEFAULT CHARSET=utf8mb4;

--
-- Dumping data for table `news`
--

INSERT INTO `news` (`id_news`, `judul`, `berita`, `link`, `gambar`) VALUES
(1, 'Penting! Pahami Basic Skincare untuk Kulit Wajah', 'Penting! Pahami Basic Skincare Untuk Kulit Wajah\r\n\r\nKamu pasti sudah tidak asing lagi dengan yang namanya skincare. Skincare merupakan kegiatan merawat kulit dengan kandungan tertentu agar mendapatkan nutrisi, vitamin dan menjadi lembab sehingga mendukung kesehatan dan kecantikan.\r\nAda banyak sekali produk perawatan wajah yang ditawarkan oleh berbagai brand dengan keunggulan, khasiat serta kandungan yang ada di dalamnya. Untuk basic skincare wajah ada toner, facial wash, sunscreen, moisturizer, serum, dll.', 'https://www.kompasiana.com/sabellahrf/63d0e814c3bdbf5ad8526d62/penting-pahami-basic-skincare-untuk-kulit-wajah', 'https://assets.kompasiana.com/items/album/2023/01/25/penting-png-63d0e587c3bdbf6112057e92.png?t=o&v=770'),
(2, 'Penyebab Kulit Wajah Mengelupas Selain Karena Kondisi Kulit Kering', 'Fimela.com, Jakarta Ada tiga tipe kulit, yaitu normal, kering dan berminyak. Ketiga tipe kulit tersebut bisa dilihat dari banyaknya minyak yang ada di wajah. Kulit berminyak tentunya memiliki kandungan paling banyak di antara tipe kulit yang lain. Sebaliknya, kulit kering punya sedikit sekali minyak atau bahkan tidak ada sama sekali. Sementara tipe kulit normal kandungan minyaknya cukup, tidak terlalu banyak atau tidak terlalu sedikit.\r\nPada tipe kulit kering, karena kandungan minyak di wajah hanya sedikit, maka ada beberapa permasalahan yang cukup sering dihadapi. Contohnya kulit yang terlalu kering bisa membuat kulit wajah jadi mengelupas. Namun kulit yang mengelupas tidak selalu karena kulit yang kering. Bisa juga karena hal lainnya', 'https://www.fimela.com/beauty/read/5166098/penyebab-kulit-wajah-mengelupas-selain-karena-kondisi-kulit-kering', 'https://cdn0-production-images-kly.akamaized.net/2OJWl9UE9_LVifpro_PkLsR1fPA=/680x383/smart/filters:quality(75):strip_icc():format(jpeg)/kly-media-production/medias/3974331/original/089714300_1648162477-shutterstock_2091325087.jpg'),
(3, 'Jenis Toner yang Tepat untuk Kulit Berjerawat dan Berminyak', 'Fimela.com, Jakarta Kulit berminyak merupakan kondisi ketika kelenjar sebasea pada kulit menghasilkan terlalu banyak sebum. Sebum adalah minyak alami yang berfungsi melapisi dan membantu merawat kulit tetap lembab. Namun apabila minyak yang diproduksi terlalu banyak maka dapat membuat kulit terlihat mengkilap dan dapat memicu timbulnya masalah baru, yaitu jerawat.', 'https://www.fimela.com/beauty/read/5169604/jenis-toner-yang-tepat-untuk-kulit-berjerawat-dan-berminyak', 'https://cdn0-production-images-kly.akamaized.net/hzUINRZjddzjFnQmytCai1GeYX8=/680x383/smart/filters:quality(75):strip_icc():format(jpeg)/kly-media-production/medias/4279284/original/096075600_1672643705-Purifying_Hydra_Toner___Hydra_Boost_Oil_Free_Moisturizer_.jpg'),
(4, 'Beauty Review: Menjajal Skincare yang Dipakai Natasha Wilona untuk Tampil Glowing Natural', 'Fimela.com, Jakarta Tuntutan akan penampilan yang harus tampil prima membuat Natasha Wilona harus menjaga kesehatan kulit. Ia pun melakoni serangkaian rutinitas skincare yang menjadi rahasia di balik wajah glowing.', 'https://www.fimela.com/beauty/read/5189746/beauty-review-menjajal-skincare-yang-dipakai-natasha-wilona-untuk-tampil-glowing-natural', 'https://cdn1-production-images-kly.akamaized.net/AAXVBxAB2unHtYYXgy9Ak9h-jnA=/680x383/smart/filters:quality(75):strip_icc():format(jpeg)/kly-media-production/medias/4302991/original/072395100_1674665745-Screenshot_2023-01-25_234603.jpg'),
(5, '5 Tahapan Basic Skincare untuk Pemula Agar Tampil Glowing', 'Skincare atau perawatan wajah termasuk salah satu hal esensial bagi manusia, khususnya bagi yang menginginkan kulit glowing. Penggunaan skincare mampu menjaga kesehatan kulit, membuat kulit wajah terhindar dari berbagai permasalahan seperti kulit kusam hingga penuaan dini', 'https://www.detik.com/bali/berita/d-6534272/5-tahapan-basic-skincare-untuk-pemula-agar-tampil-glowing', 'https://akcdn.detik.net.id/community/media/visual/2023/01/20/ilustrasi-skincare_169.jpeg?w=700&q=90'),
(6, 'Jangan Skip Rutinitas Skincare Malam Ini Kalau Ingin Punya Kulit Glowing dan Kenyal di Pagi Hari!', 'Tahukah Beauties? Ternyata, malam hari adalah waktu yang pas untuk melakukan perawatan kulit. Namun, bukan berarti perawatan kulit di pagi hari tidak berguna, ya. Lebih tepatnya, dua waktu perawatan tersebut sama pentingnya dan saling mempengaruhi.', 'https://www.beautynesia.id/beauty/jangan-skip-rutinitas-skincare-malam-ini-kalau-ingin-punya-kulit-glowing-dan-kenyal-di-pagi-hari/b-269284', 'https://akcdn.detik.net.id/visual/2022/04/13/tiffany-young_169.jpeg?w=700&q=90'),
(7, '5 Tahapan Basic Skincare untuk Pemula Agar Tampil Glowing', 'Skincare atau perawatan wajah termasuk salah satu hal esensial bagi manusia, khususnya bagi yang menginginkan kulit glowing. Penggunaan skincare mampu menjaga kesehatan kulit, membuat kulit wajah terhindar dari berbagai permasalahan seperti kulit kusam hingga penuaan dini', 'https://www.detik.com/bali/berita/d-6534272/5-tahapan-basic-skincare-untuk-pemula-agar-tampil-glowing', 'https://akcdn.detik.net.id/community/media/visual/2023/01/20/ilustrasi-skincare_169.jpeg?w=700&q=90'),
(8, 'Jangan Skip Rutinitas Skincare Malam Ini Kalau Ingin Punya Kulit Glowing dan Kenyal di Pagi Hari!', 'Tahukah Beauties? Ternyata, malam hari adalah waktu yang pas untuk melakukan perawatan kulit. Namun, bukan berarti perawatan kulit di pagi hari tidak berguna, ya. Lebih tepatnya, dua waktu perawatan tersebut sama pentingnya dan saling mempengaruhi.', 'https://www.beautynesia.id/beauty/jangan-skip-rutinitas-skincare-malam-ini-kalau-ingin-punya-kulit-glowing-dan-kenyal-di-pagi-hari/b-269284', 'https://akcdn.detik.net.id/visual/2022/04/13/tiffany-young_169.jpeg?w=700&q=90');

-- --------------------------------------------------------

--
-- Table structure for table `produk`
--

CREATE TABLE `produk` (
  `id_product` int(11) NOT NULL,
  `judul_produk` varchar(1000) NOT NULL,
  `harga_produk` varchar(1000) NOT NULL,
  `gbr_produk` varchar(1000) NOT NULL,
  `dsc_produk` varchar(1000) NOT NULL
) ENGINE=InnoDB DEFAULT CHARSET=utf8mb4;

--
-- Dumping data for table `produk`
--

INSERT INTO `produk` (`id_product`, `judul_produk`, `harga_produk`, `gbr_produk`, `dsc_produk`) VALUES
(1, 'HARLETTE OATMILK GENTLE FACIAL WASH | SENSITIVE, DRY, COMBINATION, IRRITATED SKIN', 'Rp320.000', 'https://cdn.isellercommerce.com/698a1d1e1e224fd8b8340ff6c9b99e20/088cfbf6f1d540ffbd7d9cb4720a9ab7.jpg?size=320', 'Rp250.000'),
(2, 'HARLETTE OATMILK SLEEPING MASK | ACNE PRONE, DRY, COMBINATION, TROUBLED SKIN', 'Rp75.000', 'https://cdn.isellercommerce.com/698a1d1e1e224fd8b8340ff6c9b99e20/87557be7b6444015886299196d937755.jpg?size=320', 'Rp43.000'),
(3, 'PORE HERO BARE AESTHETIC EXFOLIATING TONER (BAE TONER) | JERAWAT, BERUNTUSAN, KOMEDO', 'Rp200.000', 'https://cdn.isellercommerce.com/698a1d1e1e224fd8b8340ff6c9b99e20/44a703cab57046d3b813850a8cde0e89.jpg?size=320', 'Rp149.000'),
(4, 'HARLETTE WATERYMELON DEEP HYDRATION TONER | DRY, DEHYDRATED, COMBINATION, SENSITIVE SKIN', 'Rp250.000', 'https://cdn.isellercommerce.com/698a1d1e1e224fd8b8340ff6c9b99e20/18403eec21fc42ed87aa93ae5fd5ec89.jpg?size=320', 'Rp210.000'),
(6, 'PORE HERO MATCHA CLAY FACE MASK | PORE CLARIFYING, GENTLE EXFOLIATE', 'Rp150.000', 'https://cdn.isellercommerce.com/698a1d1e1e224fd8b8340ff6c9b99e20/8de670e138c24286b408443c80e26503.jpg?size=320', 'Rp125.000'),
(7, 'HARLETTE OATMILK GENTLE FACIAL WASH | SENSITIVE, DRY, COMBINATION, IRRITATED SKIN', 'Rp150.000', 'https://cdn.isellercommerce.com/698a1d1e1e224fd8b8340ff6c9b99e20/14019bee4be34f409afad3385c83e709.jpg?size=320', 'Rp115.000'),
(8, 'HARLETTE CHILL OAT CALMING SERUM | RED, TROUBLED SKIN', 'Rp150.000', 'https://cdn.isellercommerce.com/698a1d1e1e224fd8b8340ff6c9b99e20/03d94b6426ca4849b28bc6b1fe5eb3fb.jpg?size=320', 'Rp140.000'),
(9, 'HARLETTE CHILL OAT CALMING SERUM | RED, TROUBLED SKIN', 'Rp150.000', 'https://cdn.isellercommerce.com/698a1d1e1e224fd8b8340ff6c9b99e20/03d94b6426ca4849b28bc6b1fe5eb3fb.jpg?size=320', 'Rp140.000');

-- --------------------------------------------------------

--
-- Table structure for table `tipewajah`
--

CREATE TABLE `tipewajah` (
  `kode_tipewajah` int(11) NOT NULL,
  `nama_tipewajah` varchar(100) NOT NULL,
  `det_tipewajah` varchar(2000) NOT NULL,
  `srn_tipewajah` varchar(2000) NOT NULL,
  `gambar` varchar(500) CHARACTER SET latin1 NOT NULL
) ENGINE=InnoDB DEFAULT CHARSET=utf8mb4;

--
-- Dumping data for table `tipewajah`
--

INSERT INTO `tipewajah` (`kode_tipewajah`, `nama_tipewajah`, `det_tipewajah`, `srn_tipewajah`, `gambar`) VALUES
(1, 'Kulit Wajah Normal', 'Jenis Kulit Wajah Normal merupakan kondisi kulit yang memiliki keseimbangan antara jumlah kandungan air dan minyak. Sehingga, kondisinya tidak terlalu kering, tapi juga tidak terlalu berminyak.Ciri-ciri dari jenis kulit wajah normal adalah memiliki pori-pori hampir tidak terlihat, tidak terlalu sensitif, bertekstur elastis dan kenyal. Umumnya, jenis-jenis kulit wajah yang normal jarang memiliki masalah kulit.', 'Perawatan yang disarankan: <br>\r\n1. Bersihkan wajah dua kali sehari dengan facial wash yang lembut dan tidak berbusa.<br>\r\n2. Gunakan pelembap yang ringan dan menghidrasi.<br>\r\n3. Lindungi kulit dari kerusakan akibat sinar matahari dengan sunscreen SPF 30 atau lebih.<br>\r\n4. Pelembap yang direkomendasikan untuk kulit normal adalah moisturizer yang mengandung hyaluronic acid supaya kulit tetap lembap.<br>\r\n5. Pakai serum untuk mencerahkan, menghidrasi, atau menghaluskan, tergantung kebutuhan kulitmu.<br>\r\n6. Tidak terlalu banyak menggunakan produk skincare. <br>\r\n7. Menggunakan produk skincare yang mengandung AHA/BHA untuk eksfoliasi secara berlebihan dapat menyebabkan kulit mengelupas yang bisa mendorong produksi sebum berlebih.', 'Normal.jpg'),
(2, 'Kulit Wajah Berminyak', 'Jenis Kulit Wajah Berminyak yang satu ini bisa dibilang jenis kulit yang paling mudah untuk dideteksi. Karena biasanya orang yang memiliki kulit wajah berminyak pasti tampilan wajahnya terlihat mengilap, cenderung licin, berkomedo dan memiliki pori-pori wajah yang besar. Kulit wajah yang mengilap itu dikarenakan produksi minyak atau sebum yang berlebih. Nah, apabila sebum berlebih itu dibiarkan dan tidak dirawat bisa menyebabkan kulit semakin berminyak, pori-pori tersumbat, dan membuat kulit rentan muncul jerawat.  Walaupun begitu, sisi positif dari pemilik kulit wajah berminyak memiliki tingkat yang rendah terjadinya penuaan dan munculnya kerutan pada wajah.', 'Perawatan yang disarankan: <br>\r\n1. Menggunakan skincare yang tidak mengandung banyak minyak<br>\r\n2. Pakai pelembab yang cocok dengan kulitmu atau yang kadar lebih sedikit<br>\r\n3. Cocok dengan skincare yang teksturnya berbentuk gel', 'Berminyak.jpg'),
(3, 'Kulit Wajah Kering', 'Pemilik Kulit Wajah Kering kulit kering akan lebih rentan terhadap keriput, jadi tidak heran kalau garis halus lebih mudah terlihat. Wajah pemilik kulit kering juga lebih rentan terlihat kusam dan tidak bercahaya. Kulit kering ini biasa jadi masalah yang sangat berarti jika kamu tinggal atau melakukan traveling di tempat dengan cuaca dingin.', 'Perawatan yang disarankan: <br>\r\n1. Menjaga pola makan<br>\r\n2. Minum air yang cukup <br>\r\n3. Hidrasi kulit wajahmu dengan sheet mask<br>\r\n4. Jangan terlalu sering mencuci wajah dengan air hangat <br>\r\n5. Memilih skincare yang melembabkan seperti hydrating toner<br>\r\n6. Lebih cocok menggunakan skincare dengan tekstur krim atau balm dan hindari skincare berbahan dasar alkohol', 'Kering.jpg'),
(4, 'Kulit Wajah Kombinasi', 'Jenis Kulit Wajah Kombinasi ini memang sedikit membingungkan untuk yang belum mengetahuinya. Kulit wajah kombinasi merupakan perpaduan antara kulit berminyak dan kulit kering. Biasanya, orang yang kulit wajahnya kombinasi memiliki kulit berminyak di zona T (area dagu, hidung, dan dahi), dan kulit kering di area pipi. Untuk merawat kulit wajah kombinasi memang perlu usaha lebih, dikarenakan kondisi wajah terdiri dari perpaduan kondisi kulit. ', 'Perawatan yang disarankan:<br>\r\n1. Pilih pelembab khusus kulit kombinasi<br>\r\n2. Bersihkan wajah dengan sabun yang lembut<br>\r\n3. Cuci muka dengan air hangat<br>\r\n4. Menggunakan toner<br>\r\n5. Melakukan eksfoliasi', 'Kombinasi.jpg'),
(5, 'Kulit Wajah Sensitif', 'Jenis Kulit Wajah Sensitif ini biasanya rentan mengalami alergi/iritasi, ruam, dan mudah bereaksi terhadap faktor tertentu, seperti makanan, cuaca, lingkungan, atau produk perawatan wajah yang tidak cocok. Selain itu, kulit wajah sensitif juga mudah kering, terkelupas, terasa perih, atau bahkan memerah.', 'Perawatan yang disarankan: <br>\r\n1. Hindari produk skincare dengan kandungan alkohol<br>\r\n2. Pilih skincare dengan kandungan bahan alami yang aman untuk kulit sensitif<br>\r\n3. Banyak minum air putih<br>\r\n4. Apabila muncul kemerahan saat memakai salah satu skincare, disarankan untuk hentikan penggunaan skincare tersebut', 'Sensitif.jpg');

--
-- Indexes for dumped tables
--

--
-- Indexes for table `basis_pengetahuan`
--
ALTER TABLE `basis_pengetahuan`
  ADD PRIMARY KEY (`kode_pengetahuan`);

--
-- Indexes for table `gejala`
--
ALTER TABLE `gejala`
  ADD PRIMARY KEY (`kode_gejala`),
  ADD UNIQUE KEY `id_gejala` (`kode_gejala`) USING BTREE;

--
-- Indexes for table `hasil`
--
ALTER TABLE `hasil`
  ADD PRIMARY KEY (`id_hasil`);

--
-- Indexes for table `kondisi`
--
ALTER TABLE `kondisi`
  ADD PRIMARY KEY (`id`),
  ADD UNIQUE KEY `id` (`id`) USING BTREE;

--
-- Indexes for table `news`
--
ALTER TABLE `news`
  ADD PRIMARY KEY (`id_news`);

--
-- Indexes for table `produk`
--
ALTER TABLE `produk`
  ADD PRIMARY KEY (`id_product`);

--
-- Indexes for table `tipewajah`
--
ALTER TABLE `tipewajah`
  ADD PRIMARY KEY (`kode_tipewajah`),
  ADD UNIQUE KEY `id_tipewajah` (`kode_tipewajah`) USING BTREE;

--
-- AUTO_INCREMENT for dumped tables
--

--
-- AUTO_INCREMENT for table `hasil`
--
ALTER TABLE `hasil`
  MODIFY `id_hasil` int(11) NOT NULL AUTO_INCREMENT, AUTO_INCREMENT=355;

--
-- AUTO_INCREMENT for table `news`
--
ALTER TABLE `news`
  MODIFY `id_news` int(11) NOT NULL AUTO_INCREMENT, AUTO_INCREMENT=9;

--
-- AUTO_INCREMENT for table `produk`
--
ALTER TABLE `produk`
  MODIFY `id_product` int(11) NOT NULL AUTO_INCREMENT, AUTO_INCREMENT=10;
COMMIT;

/*!40101 SET CHARACTER_SET_CLIENT=@OLD_CHARACTER_SET_CLIENT */;
/*!40101 SET CHARACTER_SET_RESULTS=@OLD_CHARACTER_SET_RESULTS */;
/*!40101 SET COLLATION_CONNECTION=@OLD_COLLATION_CONNECTION */;
